time_sec,rad_vel
0,-74.85926526053835
25000,-64.82642789054299
50000,-54.93655650933509
75000,-45.93871865063621
100000,-38.46929401410597
125000,-32.99479827405352
150000,-29.76974555201777
175000,-28.8149277596629
200000,-29.918852028185977
225000,-32.661840187556
250000,-36.45922518447412
275000,-40.6178781980942
300000,-44.39935772054655
325000,-47.08327245072889
350000,-48.02564211915629
375000,-46.708614883947625
400000,-42.77937942554248
425000,-36.07717942811611
450000,-26.647892509510452
475000,-14.745760438699858
500000,-0.8217748218279626
525000,14.501776785450165
550000,30.470730192949276
575000,46.2516155887976
600000,60.994984801748615
625000,73.90490758726175
650000,84.3075238123657
675000,91.70989573801302
700000,95.84137764075098
725000,96.67296497556653
750000,94.41359751971049
775000,89.48526014123183
800000,82.48088587444354
825000,74.11036961169924
850000,65.14036060805653
875000,56.333074230576976
900000,48.38847126317693
925000,41.8931447102465
950000,37.27839283134155
975000,34.78936790924961
1000000,34.46685455137401
1025000,36.143016266873936
1050000,39.45215611870347
1075000,43.856963089389225
1100000,48.68971973475116
1125000,53.20651498102657
1150000,56.65079440553301
1175000,58.320911345559786
1200000,57.63513783163487
1225000,54.187251809338996
1250000,47.786563445277984
1275000,38.478030322045754
1300000,26.540604490069715
1325000,12.464630002404824
1350000,-3.0885780680823745
1375000,-19.340293638529
1400000,-35.45574910504793
1425000,-50.60801152640584
1450000,-64.03924311246662
1475000,-75.11443486791006
1500000,-83.36378839680089
1525000,-88.51196370332856
1550000,-90.49393308704681
1575000,-89.45753083199925
1600000,-85.75258678533916
1625000,-79.90641049854712
1650000,-72.58568796992785
1675000,-64.54573979899506
1700000,-56.569577104748454
1725000,-49.40106370971509
1750000,-43.67830060264797
1775000,-39.8745020748815
1800000,-38.253594956246786
1825000,-38.84628856816846
1850000,-41.44961995868022
1875000,-45.649590083757964
1900000,-50.86330601893148
1925000,-56.394778931806336
1950000,-61.49759713295369
1975000,-65.43805624473217
2000000,-67.55359087496868
2025000,-67.30296821316385
2050000,-64.30617770190032
2075000,-58.37296719182229
2100000,-49.51944144209424
2125000,-37.97215643308728
2150000,-24.158953088840512
2175000,-8.685683772754983
2200000,7.701701590136963
2225000,24.169252215604004
2250000,39.85888263643256
2275000,53.95866516895514
2300000,65.77158503615037
2325000,74.77441877269618
2350000,80.66013618826447
2375000,83.35965185609338
2400000,83.04135056063055
2425000,80.08945324495095
2450000,75.06458598988225
2475000,68.6514650662044
2500000,61.599250667501785
2525000,54.659944516255514
2550000,48.529479307800514
2575000,43.79519219587036
2600000,40.89246183316076
2625000,40.0725776843452
2650000,41.38342904856191
2675000,44.66426287299858
2700000,49.55540330041903
2725000,55.52327096634518
2750000,61.90014590920461
2775000,67.93684424686174
2800000,72.86492920664875
2825000,75.96350807335166
2850000,76.62444346784245
2875000,74.40930646537679
2900000,69.09187999945527
2925000,60.68151620676795
2950000,49.42492410468306
2975000,35.7865607487899
3000000,20.410183780953407
3025000,4.065872695174454
3050000,-12.412113428659246
3075000,-28.190550732166578
3100000,-42.499183484618044
3125000,-54.68420334257718
3150000,-64.25047239129476
3175000,-70.89155160935599
3200000,-74.50729889668403
3225000,-75.20878692394483
3250000,-73.31005426708349
3275000,-69.30609932338717
3300000,-63.83684996917594
3325000,-57.637793087783564
3350000,-51.47954678871308
3375000,-46.10067379485895
3400000,-42.13998398187308
3425000,-40.075827323011254
3450000,-40.17986968999523
3475000,-42.491318134259366
3500000,-46.81473614729996
3525000,-52.7411217990045
3550000,-59.68868290918444
3575000,-66.95748924762795
3600000,-73.79129270315832
3625000,-79.44020819346373
3650000,-83.21922017185865
3675000,-84.55906503918816
3700000,-83.04744767023728
3725000,-78.45947940107592
3750000,-70.77659688380399
3775000,-60.19314947220599
3800000,-47.10956928993435
3825000,-32.110872396202524
3850000,-15.92957273764636
3875000,0.6065020522368723
3900000,16.63822357008556
3925000,31.34481966203793
3950000,44.01175994495531
3975000,54.089780814618344
4000000,61.23895065261326
4025000,65.35327844357512
4050000,66.56364117571404
4075000,65.21940915771191
4100000,61.851564940348574
4125000,57.12189623019499
4150000,51.76376231058596
4175000,46.51999785200021
4200000,42.08293257482783
4225000,39.040569760409475
4250000,37.831970717566435
4275000,38.71403859594903
4300000,41.74126369381907
4325000,46.759544893400104
4350000,53.414811154753735
4375000,61.17666573507038
4400000,69.37651278121847
4425000,77.25852434404973
4450000,84.04041194646955
4475000,88.9794727302922
4500000,91.43810284068225
4525000,90.9422778824837
4550000,87.2266952229541
4575000,80.26147278281555
4600000,70.2573559323935
4625000,57.64889484795129
4650000,43.05751847739543
4675000,27.238609540371456
4700000,11.018684612173299
4725000,-4.769973004311534
4750000,-19.35065989708859
4775000,-32.05535233140017
4800000,-42.36745648936389
4825000,-49.95328190811985
4850000,-54.68172355403661
4875000,-56.63158567580251
4900000,-56.08575626597936
4925000,-53.511364836572476
4950000,-49.52543224041266
4975000,-44.84655256260637
5000000,-40.23484312909738
5025000,-36.42450772201767
5050000,-34.05537254969691
5075000,-33.6110284291401
5100000,-35.3711836450881
5125000,-39.38426911850911
5150000,-45.46349001227481
5175000,-53.206066025451435
5200000,-62.03221350178817
5225000,-71.23822570063396
5250000,-80.05715036117898
5275000,-87.720949706832
5300000,-93.51923517838983
5325000,-96.85115668314849
5350000,-97.26832617885013
5375000,-94.50748586135813
5400000,-88.51192053886157
5425000,-79.44046292761946
5450000,-67.6625756691521
5475000,-53.73783716808974
5500000,-38.378996526652394
5525000,-22.400083915089528
5550000,-6.6536929215415475
5575000,8.036984556608118
5600000,20.945194523247842
5625000,31.500271453766313
5650000,39.33375630218808
5675000,44.307059917430706
5700000,46.51783064398969
5725000,46.28475399847122
5750000,44.113057854210865
5775000,40.645030755367074
5800000,36.601063231043426
5825000,32.71701265991937
5850000,29.683217804936177
5875000,28.089537898287123
5900000,28.379682589059307
5925000,30.81708886664839
5950000,35.463826180417705
5975000,42.17347814381933
6000000,50.59855762502744
6025000,60.21259732515428
6050000,70.34644780279125
6075000,80.23738902018329
6100000,89.08840739384998
6125000,96.13354091001234
6150000,100.70382849233769
6175000,102.28748667058733
6200000,100.57782938823388
6225000,95.5033386080327
6250000,87.23610141359069
6275000,76.17724626896171
6300000,62.9208670265462
6325000,48.20118057471803
6350000,32.83021532164364
6375000,17.633504065032568
6400000,3.389475499096493
6425000,-9.223822325324374
6450000,-19.672573708779726
6475000,-27.600450295724396
6500000,-32.85045895297643
6525000,-35.4745303168145
6550000,-35.729809733821966
6575000,-34.06059692271906
6600000,-31.065332270147753
6625000,-27.449135385683462
6650000,-23.964156630408276
6675000,-21.342136742440147
6700000,-20.22557066678491
6725000,-21.105106909097167
6750000,-24.27075171026938
6775000,-29.782891450695676
6800000,-37.4663633622899
6825000,-46.92746047493805
6850000,-57.59067789946241
6875000,-68.74987575434277
6900000,-79.62766592317928
6925000,-89.43712903265943
6950000,-97.44103915026315
6975000,-103.0051138147257
7000000,-105.64297982678708
7025000,-105.05127891849156
7050000,-101.13353633010271
7075000,-94.01114602881431
7100000,-84.01947025728666
7125000,-71.68752339917737
7150000,-57.70154081506533
7175000,-42.85477510110688
7200000,-27.987064695413846
7225000,-13.918616521880327
7250000,-1.3834668497588063
7275000,9.031130959921432
7300000,16.933089562822655
7325000,22.156279923835076
7350000,24.770276912715534
7375000,25.068161931428886
7400000,23.53419080078691
7425000,20.795435139701866
7450000,17.56298362171326
7475000,14.568777039862889
7500000,12.503746232254707
7525000,11.961915910093325
7550000,13.393892588032452
7575000,17.071986971539204
7600000,23.068323160976917
7625000,31.24670368658775
7650000,41.26864472996278
7675000,52.6136970781548
7700000,64.61372338286036
7725000,76.50004396362137
7750000,87.46122311322603
7775000,96.70782727827638
7800000,103.53899614720227
7825000,107.40450694117817
7850000,107.95557210650357
7875000,105.07812777792716
7900000,98.90389990109756
7925000,89.79726972934988
7950000,78.31997578427173
7975000,65.17947908938042
8000000,51.168306603584966
8025000,37.10101179560344
8050000,23.753894153169007
8075000,11.811068250932543
8100000,1.8191875103693622
8125000,-5.847712034810099
8150000,-11.012142198954093
8175000,-13.70476493075882
8200000,-14.16245374653229
8225000,-12.811674632193258
8250000,-10.23657836257776
8275000,-7.132353909758758
8300000,-4.246151124206002
8325000,-2.309969645219765
8350000,-1.9718365532151958
8375000,-3.7327652367953337
8400000,-7.896916991798826
8425000,-14.540906658824083
8450000,-23.50556089145227
8475000,-34.41026990669452
8500000,-46.6871294644745
8525000,-59.62997751082484
8550000,-72.45249062031404
8575000,-84.34964862403062
8600000,-94.55775691215673
8625000,-102.40938211128018
8650000,-107.38059448220245
8675000,-109.12851567685726
8700000,-107.51719731519307
8725000,-102.62959429288843
8750000,-94.76381624213101
8775000,-84.41336436075403
8800000,-72.2325098169633
8825000,-58.9886805385163
8850000,-45.50442767019822
8875000,-32.592696337588606
8900000,-20.990477632420056
8925000,-11.296997558166753
8950000,-3.922953390832005
8975000,0.9433721255380914
9000000,3.3490570423298043
9025000,3.567079575865164
9050000,2.065877167435065
9075000,-0.5380796978022178
9100000,-3.538977179472636
9125000,-6.20525271374359
9150000,-7.842121668250182
9175000,-7.8481592437605565
9200000,-5.762451258182802
9225000,-1.3001349725215172
9250000,5.624865244077596
9275000,14.890512840019323
9300000,26.17106965090279
9325000,38.955404682906426
9350000,52.57908246680561
9375000,66.26949937893245
9400000,79.20227365804645
9425000,90.5656233640141
9450000,99.62781592003758
9475000,105.80131476092772
9500000,108.69636416363424
9525000,108.156831971922
9550000,104.27290517325116
9575000,97.36917185704957
9600000,87.97110898689355
9625000,76.75572387701686
9650000,64.49283165024727
9675000,51.98302325448187
9700000,39.9973379490917
9725000,29.222382332653645
9750000,20.213483531871297
9775000,13.357659236111472
9800000,8.847791634298728
9825000,6.6693045362036605
9850000,6.600647060468564
9875000,8.228715092544121
9900000,10.97974584380138
9925000,14.165055588701978
9950000,17.03928847832699
9975000,18.866859517752268
10000000,18.99045893924374
10025000,16.89437402880863
10050000,12.255416008797695
10075000,4.975571299173549
10100000,-4.807089676593745
10125000,-16.72975842134056
10150000,-30.236184964555594
10175000,-44.62352423220704
10200000,-59.099260184034165
10225000,-72.84266953420753
10250000,-85.0659471531528
10275000,-95.07108964386097
10300000,-102.29947161510722
10325000,-106.37138701285014
10350000,-107.11285121471381
10375000,-104.56763246895459
10400000,-98.99398395128036
10425000,-90.84661488507454
10450000,-80.74469798190526
10475000,-69.42699707318116
10500000,-57.69603243943963
10525000,-46.354541458615834
10550000,-36.13904546970204
10575000,-27.656668952628866
10600000,-21.331987840129038
10625000,-17.37021830915309
10650000,-15.741368426356827
10675000,-16.187299637992645
10700000,-18.25054610690277
10725000,-21.320925650853283
10750000,-24.694053864992117
10775000,-27.63514990276978
10800000,-29.441938337040018
10825000,-29.501657200616926
10850000,-27.33870351834378
10875000,-22.650854089194727
10900000,-15.333017122200596
10925000,-5.4880205084003695
10950000,6.575879873218352
10975000,20.36106719291559
11000000,35.21036574375737
11025000,50.35023501816297
11050000,64.94598624766036
11075000,78.16610809722275
11100000,89.25090764776103
11125000,97.57874423556176
11150000,102.72169162997707
11175000,104.48276284614919
11200000,102.90985752505668
11225000,98.28591332395547
11250000,91.09815623092389
11275000,81.99136121917725
11300000,71.71094128761156
11325000,61.04165132760037
11350000,50.74695806522122
11375000,41.513049940574696
11400000,33.9003985843581
11425000,28.3049771501624
11450000,24.930770547118335
11475000,23.775008546109085
11500000,24.62743480830668
11525000,27.08466012187508
11550000,30.580018151510604
11575000,34.4282167106854
11600000,37.88248283561827
11625000,40.2000557599927
11650000,40.71018234150849
11675000,38.87768825131672
11700000,34.355135160669874
11725000,27.01769672723228
11750000,16.977038639644547
11775000,4.573220463614258
11800000,-9.653648815912463
11825000,-25.008121610631044
11850000,-40.6953592657749
11875000,-55.88288131781885
11900000,-69.76309434858547
11925000,-81.61225057319014
11950000,-90.84191037147347
11975000,-97.03929491963265
12000000,-99.99403336176564
12025000,-99.7105558277417
12050000,-96.40637443306846
12075000,-90.49653333488736
12100000,-82.56442234328297
12125000,-73.31948695157084
12150000,-63.54329111001488
12175000,-54.0268453230665
12200000,-45.50384968615882
12225000,-38.586072619169
12250000,-33.70794477673604
12275000,-31.08712974926954
12300000,-30.706161723158207
12325000,-32.31745188891419
12350000,-35.47067462961541
12375000,-39.558539411537915
12400000,-43.87491164687955
12425000,-47.678502119529334
12450000,-50.255823394529074
12475000,-50.978417703843306
12500000,-49.35096974217755
12525000,-45.0483642080251
12550000,-37.940744766697314
12575000,-28.10610493278767
12600000,-15.830004964890279
12625000,-1.5919027242732389
12650000,13.96239111836223
12675000,30.062191690664495
12700000,45.86637971861181
12725000,60.52812334106607
12750000,73.26483597057761
12775000,83.42575438907585
12800000,90.54834866824724
12825000,94.39639470404917
12850000,94.9758563693181
12875000,92.52797192531116
12900000,87.50164644727182
12925000,80.50932120952031
12950000,72.27169817251405
12975000,63.556970538573886
13000000,55.11972802873956
13025000,47.64379532440679
13050000,41.6922616255171
13075000,37.66711566880878
13100000,35.78032309980316
13125000,36.0378422992953
13150000,38.23783315749274
13175000,41.98397508951469
13200000,46.71418258918145
13225000,51.74396434868934
13250000,56.32222065554233
13275000,59.69558548561306
13300000,61.175823651306786
13325000,60.20370425490427
13350000,56.40256461716425
13375000,49.61564981208513
13400000,39.92318407857393
13425000,27.637649235274743
13450000,13.278387278894142
13475000,-2.4711219038450785
13500000,-18.818506764158258
13525000,-34.92489545182837
13550000,-49.96906469535694
13575000,-63.20802504113676
13600000,-74.02909450077719
13625000,-81.99006040316173
13650000,-86.84615560753295
13675000,-88.5637739824831
13700000,-87.32098006890881
13725000,-83.49463672899302
13750000,-77.63390160641347
13775000,-70.42021950209399
13800000,-62.6149212525727
13825000,-54.99711275801125
13850000,-48.296447246071594
13875000,-43.12713721606838
13900000,-39.930578575048585
13925000,-38.93371420719027
13950000,-40.128560595393694
13975000,-43.27541826780177
14000000,-47.92885469582053
14025000,-53.48243513051174
14050000,-59.2260953128362
14075000,-64.40933446055736
14100000,-68.30394921743758
14125000,-70.26139352772776
14150000,-69.76148106441723
14175000,-66.45056893950103
14200000,-60.168291821544635
14225000,-50.962295051333975
14250000,-39.0903738549138
14275000,-25.00921980663019
14300000,-9.348916529169404
14325000,7.127281094255236
14350000,23.577200923005474
14375000,39.14512502801386
14400000,53.032294088955425
14425000,64.56438243100649
14450000,73.24800629911138
14475000,78.81016073581675
14500000,81.21677208126272
14525000,80.66910140094282
14550000,77.57934778541522
14575000,72.52902905015037
14600000,66.2151758602397
14625000,59.3899269801107
14650000,52.7988705160247
14675000,47.122711178427274
14700000,42.92587343961471
14725000,40.61473663255237
14750000,40.40748826384112
14775000,42.31709470553724
14800000,46.14853247115999
14825000,51.51103799459801
14850000,57.845543863778275
14875000,64.46654473712313
14900000,70.6163493951489
14925000,75.52814249113428
14950000,78.49276402614824
14975000,78.92297972032907
15000000,76.40862508445453
15025000,70.75659868602612
15050000,62.01126434493651
15075000,50.453140802159886
15100000,36.576345749118445
15125000,21.047587180891448
15150000,4.651184238793427
15175000,-11.774289994817032
15200000,-27.401326619419017
15225000,-41.47434360434983
15250000,-53.36137593684269
15275000,-62.59430787491764
15300000,-68.8969295634739
15325000,-72.20059549853508
15350000,-72.64718247295754
15375000,-70.57881142800488
15400000,-66.51374419125266
15425000,-61.1082787937648
15450000,-55.105525715688074
15475000,-49.273636633666115
15500000,-44.33810436028326
15525000,-40.91464073151123
15550000,-39.450231179088476
15575000,-40.17972709922569
15600000,-43.103581940658664
15625000,-47.98935805540318
15650000,-54.39614069125053
15675000,-61.71786756960998
15700000,-69.23952771039255
15725000,-76.19951052093846
15750000,-81.85195588314741
15775000,-85.52431122690777
15800000,-86.66688424974991
15825000,-84.89252355168097
15850000,-80.00539793779372
15875000,-72.01813331653995
15900000,-61.15644054479413
15925000,-47.85008113940418
15950000,-32.70889333690053
15975000,-16.483098088220412
16000000,-0.008861738960554144
16025000,15.856930379520087
16050000,30.306222777405818
16075000,42.646456634674905
16100000,52.357541575818686
16125000,59.133253679678184
16150000,62.902816173833905
16175000,63.83073763313972
16200000,62.29558664585291
16225000,58.85075071492145
16250000,54.171933756167164
16275000,48.996978201218205
16300000,44.06358285774542
16325000,40.04984219481428
16350000,37.521559587851435
16375000,36.88927275698029
16400000,38.377069756432554
16425000,42.00464065461715
16450000,47.58355799871203
16475000,54.728377660100804
16500000,62.88263365016795
16525000,71.35901935525014
16550000,79.39193468547039
16575000,86.19919009535329
16600000,91.048195394221
16625000,93.32074511796519
16650000,92.5699076165469
16675000,88.56282269568999
16700000,81.3045084902557
16725000,71.03989716718917
16750000,58.23383865458586
16775000,43.53127459692882
16800000,27.702080254302064
16825000,11.577185081315301
16850000,-4.016531488075854
16875000,-18.316417982804445
16900000,-30.67557536606145
16925000,-40.603890784870295
16950000,-47.79773676871168
16975000,-52.1578127445826
17000000,-53.79451498511944
17025000,-53.020007110004556
17050000,-50.32614707064696
17075000,-46.34790138315389
17100000,-41.81302038326389
17125000,-37.48053001432787
17150000,-34.072721703906076
17175000,-32.207254500173256
17200000,-32.337077542565
17225000,-34.70561462627038
17250000,-39.32286690519448
17275000,-45.96510851413134
17300000,-54.197397413775356
17325000,-63.41506053967407
17350000,-72.89831591487234
17375000,-81.8735408524677
17400000,-89.57522911439825
17425000,-95.30395066507873
17450000,-98.4770994551346
17475000,-98.67044625793007
17500000,-95.64925621884551
17525000,-89.38794013537625
17550000,-80.07700044951217
17575000,-68.1156597904938
17600000,-54.08855579188719
17625000,-38.72611430647911
17650000,-22.85073751787305
17675000,-7.313205982934409
17700000,7.075207935695051
17725000,19.608832961146135
17750000,29.745500539336874
17775000,37.15022823500007
17800000,41.71997641130427
17825000,43.58692240482501
17850000,43.1002936353981
17875000,40.78932545001047
17900000,37.31187961222482
17925000,33.39437047991342
17950000,29.768838822885648
17975000,27.11245316259087
18000000,25.993706079458676
18025000,26.828431396336725
18050000,29.84774934351846
18075000,35.07927893752133
18100000,42.34243633645863
18125000,51.25825517189684
18150000,61.27375005870305
18175000,71.70022470660665
18200000,81.76398560710062
18225000,90.66665801211211
18250000,97.65085794735785
18275000,102.06564221056766
18300000,103.42531338223176
18325000,101.45514437253006
18350000,96.11857468373796
18375000,87.62230587214403
18400000,76.39822501959758
18425000,63.06417717054955
18450000,48.369034850778604
18475000,33.12965868112877
18500000,18.166927452394322
18525000,4.246102331567525
18550000,-7.975129125941235
18575000,-17.98898789833987
18600000,-25.46920083278022
18625000,-30.29103902298123
18650000,-32.53890675815346
18675000,-32.50042579330589
18700000,-30.646013221312085
18725000,-27.59350493974241
18750000,-24.05859117558581
18775000,-20.793657850133226
18800000,-18.519760250492553
18825000,-17.858357433846248
18850000,-19.270483302374867
18875000,-23.01073765507679
18900000,-29.101721153736715
18925000,-37.33164463176987
18950000,-47.27451499699336
18975000,-58.32934880416103
19000000,-69.77291955731292
19025000,-80.81985779510438
19050000,-90.6843474810136
19075000,-98.63878194389798
19100000,-104.06606237346557
19125000,-106.50332965150591
19150000,-105.67556887060614
19175000,-101.51763390409549
19200000,-94.18291343909976
19225000,-84.03664287149003
19250000,-71.63274302957284
19275000,-57.675061356721876
19300000,-42.96558655473127
19325000,-28.34315340743423
19350000,-14.617090682870941
19375000,-2.5013412551110004
19400000,7.444668618052648
19425000,14.862172485591408
19450000,19.62103191660643
19475000,21.82634745052828
19500000,21.803151270835194
19525000,20.06133022343567
19550000,17.245172826957763
19575000,14.07331067702719
19600000,11.275190380035381
19625000,9.529693838561291
19650000,9.410435785266822
19675000,11.340980165725737
19700000,15.562044498716974
19725000,22.111884900414363
19750000,30.82050329609013
19775000,41.31799170625321
19800000,53.05704283108076
19825000,65.34920486300749
19850000,77.41367703693439
19875000,88.43627258327236
19900000,97.63471568392069
19925000,104.32495765218127
19950000,107.98208465849177
19975000,108.2890244104157
20000000,105.1668562540653
20025000,98.78221455125998
20050000,89.53039059778429
20075000,77.99702572915473
20100000,64.90469381849354
20125000,51.051583136262224
20150000,37.24862103579159
20175000,24.259926709316908
20200000,12.749994721153138
20225000,3.239798794730336
20250000,-3.926763570355076
20275000,-8.604973559534985
20300000,-10.85881782270602
20325000,-10.956737440255099
20350000,-9.352542171989123
20375000,-6.651061947984422
20400000,-3.5593589727066766
20425000,-0.8261362890515899
20450000,0.8259515867798385
20475000,0.7685624456740787
20500000,-1.4710067450950883
20525000,-6.162658989044987
20550000,-13.346073503085892
20575000,-22.825867715302085
20600000,-34.18904754353437
20625000,-46.84162013070787
20650000,-60.059313547127715
20675000,-73.0465633200849
20700000,-84.99817476282617
20725000,-95.15899235953238
20750000,-102.87805590358477
20775000,-107.65469597561368
20800000,-109.17452019308783
20825000,-107.33317547052981
20850000,-102.24564764165035
20875000,-94.23968351350952
20900000,-83.83354066147007
20925000,-71.69937873096397
20950000,-58.61413031588998
20975000,-45.40046082308864
21000000,-32.861662286055356
21025000,-21.71569314663154
21050000,-12.534607873017972
21075000,-5.695877060204773
21100000,-1.3512874716465801
21125000,0.5827899830456863
21150000,0.4126660431721816
21175000,-1.3660456456370982
21200000,-4.118115976599404
21225000,-7.128753772486901
21250000,-9.667595883710458
21275000,-11.050730889904653
21300000,-10.696048600431272
21325000,-8.168641972722083
21350000,-3.2142888035682424
21375000,4.220016459622181
21400000,13.978973253111999
21425000,25.705583973884355
21450000,38.86157617423394
21475000,52.76146203091371
21500000,66.61940958245282
21525000,79.60698604793241
21550000,90.91831679637903
21575000,99.83753434455018
21600000,105.80194248182892
21625000,108.4534666904417
21650000,107.67121959506109
21675000,103.58029583395276
21700000,96.5362421402024
21725000,87.08883396650265
21750000,75.93101453175527
21775000,63.83937057882537
21800000,51.61204219318347
21825000,40.00891478910141
21850000,29.69769211492245
21875000,21.208342546999987
21900000,14.897658352384989
21925000,10.925306872682851
21950000,9.24266721859467
21975000,9.595714586532775
22000000,11.54297367453094
22025000,14.488881676339854
22050000,17.731660267062647
22075000,20.523058050477527
22100000,22.13537036509097
22125000,21.92943313515994
22150000,19.41634159409182
22175000,14.305861141976138
22200000,6.535981981895535
22225000,-3.7194398857291358
22250000,-16.065073819858434
22275000,-29.917933543199375
22300000,-44.5560562126179
22325000,-59.17653223384247
22350000,-72.9574033462884
22375000,-85.11864716000879
22400000,-94.97841760486814
22425000,-102.00144656064184
22450000,-105.83674101497088
22475000,-106.34189567633922
22500000,-103.59241613765313
22525000,-97.87596888604595
22550000,-89.67219762194469
22575000,-79.61885083796379
22600000,-68.46531730854791
22625000,-57.01559597618432
22650000,-46.06413034099236
22675000,-36.32950772109041
22700000,-28.392315305314877
22725000,-22.643966036532724
22750000,-19.252683139121988
22775000,-18.150975740057113
22800000,-19.046138890155582
22825000,-21.45217528760987
22850000,-24.73878615121425
22875000,-28.191301705532727
22900000,-31.074878185564028
22925000,-32.69686600363758
22950000,-32.46256525811661
22975000,-29.921142043094818
23000000,-24.79986102026084
23025000,-17.02574635989896
23050000,-6.734263371298053
23075000,5.735263450124878
23100000,19.857780631219356
23125000,34.95431515333585
23150000,50.237037864076314
23175000,64.86605565094594
23200000,78.01478872151858
23225000,88.9388326865508
23250000,97.0412070547942
23275000,101.92559428204214
23300000,103.43006415538312
23325000,101.63728983472082
23350000,96.86139609820187
23375000,89.61461502950833
23400000,80.55875282049871
23425000,70.44728260490074
23450000,60.06377427411277
23475000,50.16159914087402
23500000,41.40877165809253
23525000,34.3407559145796
23550000,29.323291366635477
23575000,26.526842087554773
23600000,25.914064538114282
23625000,27.241536561100204
23650000,30.076667095141502
23675000,33.83000771571018
23700000,37.80200486085284
23725000,41.24161552083577
23750000,43.41239857346649
23775000,43.66008871822228
23800000,41.47472023806955
23825000,36.540461738660845
23850000,28.767577776125112
23875000,18.303159033990603
23900000,5.519994657001987
23925000,-9.014391070218826
23950000,-24.584471443307216
23975000,-40.384013557944925
24000000,-55.578512695743896
24025000,-69.36777601920976
24050000,-81.04425286357538
24075000,-90.04303394342111
24100000,-95.97997625923537
24125000,-98.67593448124924
24150000,-98.16677374910664
24175000,-94.69948478109073
24200000,-88.71461488360934
24225000,-80.8151802857851
24250000,-71.72264948451281
24275000,-62.221599605797536
24300000,-53.09617552405134
24325000,-45.063244071072724
24350000,-38.708659276703955
24375000,-34.433783978161635
24400000,-32.418905971152284
24425000,-32.608317807239736
24450000,-34.71889954699046
24475000,-38.270718097403666
24500000,-42.63523601739687
24525000,-47.09485320344778
24550000,-50.90696431521137
24575000,-53.36636572176342
24600000,-53.86125275809759
24625000,-51.919677116050444
24650000,-47.24473613609798
24675000,-39.737683854055
24700000,-29.50854661731976
24725000,-16.873832962994534
24750000,-2.3408053257659662
24775000,13.42216650803675
24800000,29.629149412351108
24825000,45.43293573880648
24850000,59.9910661869323
24875000,72.53601898022237
24900000,82.44150255490565
24925000,89.27622807639125
24950000,92.83866779208007
24975000,93.16953387471656
25000000,90.54173024693377
25025000,85.43012587962156
25050000,78.46548241622135
25075000,70.37797908348858
25100000,61.935966546534175
25125000,53.88504786353793
25150000,46.89165755783329
25175000,41.49431574700683
25200000,38.064904993354936
25225000,36.781748051542
25250000,37.61591571166254
25275000,40.33192448645869
25300000,44.50360168587106
25325000,49.54521760969263
25350000,54.756902434269676
25375000,59.381901807636424
25400000,62.67156660084719
25425000,63.95245282406019
25450000,62.68893342051237
25475000,58.53464751607026
25500000,51.367101181485
25525000,41.30168165137805
25550000,28.683885904524026
25575000,14.061169906569887
25600000,-1.862021113853867
25625000,-18.281126111087225
25650000,-34.35480210392769
25675000,-49.26918968556815
25700000,-62.29758130631847
25725000,-72.85065343865352
25750000,-80.51438833990514
25775000,-85.07483906936437
25800000,-86.52975961892939
25825000,-85.0871006412524
25850000,-81.15013748166675
25875000,-75.28897862634975
25900000,-68.19866402559825
25925000,-60.64514482701821
25950000,-53.402090677975686
25975000,-47.183406310247825
26000000,-42.578041846914466
26025000,-39.99454348004253
26050000,-39.6223289211802
26075000,-41.41475117910239
26100000,-45.0959670210025
26125000,-50.19017411185899
26150000,-56.06877692276479
26175000,-62.00915631525843
26200000,-67.25821696051233
26225000,-71.09459787044791
26250000,-72.88488170947437
26275000,-72.13077090933427
26300000,-68.50555907669725
26325000,-61.879067179254776
26350000,-52.330509839049505
26375000,-40.14866294241729
26400000,-25.818489751682097
26425000,-9.993362418332966
26450000,6.5474978928698375
26475000,22.955388332533335
26500000,38.37879389704622
26525000,52.033792544813295
26550000,63.27003029458722
26575000,71.62478153878274
26600000,76.85941147514814
26625000,78.97474946627983
26650000,78.2044142679289
26675000,74.98771882031996
26700000,69.92594078486262
26725000,63.727112318510024
26750000,57.14494858345602
26775000,50.91722766419025
26800000,45.70813195504249
26825000,42.05807505026034
26850000,40.34362113390747
26875000,40.74939333759783
26900000,43.25337383085964
26925000,47.62662556368356
26950000,53.44805351139868
26975000,60.13420208385802
27000000,66.98313476367984
27025000,73.23014687054979
27050000,78.11154973575678
27075000,80.93130415299343
27100000,81.12423371595182
27125000,78.30926610488527
27150000,72.3268509667124
27175000,63.25637217505102
27200000,51.41173284868079
27225000,37.315866568535796
27250000,21.65719560460007
27275000,5.232714511081865
27300000,-11.116413847237586
27325000,-26.57001182150911
27350000,-40.38847881342241
27375000,-51.96264598795019
27400000,-60.85204814054302
27425000,-66.81104200919074
27450000,-69.80253989765909
27475000,-69.99900230857814
27500000,-67.7701118855997
27525000,-63.656555588164366
27550000,-58.32984969274203
27575000,-52.53930882485567
27600000,-47.04903285658953
27625000,-42.56984943289791
27650000,-39.692957824320914
27675000,-38.832934346308306
27700000,-40.18728682121848
27725000,-43.71776877517819
27750000,-49.15555255869404
27775000,-56.02887183565844
27800000,-63.70874690458058
27825000,-71.46655920391265
27850000,-78.5367802493856
27875000,-84.17888385577297
27900000,-87.73389226469969
27925000,-88.67257308487832
27950000,-86.63357583329031
27975000,-81.45054384256241
28000000,-73.16744568065842
28025000,-62.04119682580027
28050000,-48.53034937633213
28075000,-33.26856474992054
28100000,-17.02230739039287
28125000,-0.6343274190536414
28150000,15.042496107515866
28175000,29.214381752833468
28200000,41.211981954405005
28225000,50.54523728714524
28250000,56.942068612398586
28275000,60.3669183089799
28300000,61.017516363722365
28325000,59.3008481313644
28350000,55.79162006076435
28375000,51.17814767773403
28400000,46.20133370370055
28425000,41.59230906388116
28450000,38.01360268589909
28475000,36.007694129397535
28500000,35.95577002680124
28525000,38.04863991294996
28550000,42.27113346345689
28575000,48.4008470320347
28600000,56.02169801502609
28625000,64.55221382760443
28650000,73.2876856665968
28675000,81.45419485955684
28700000,88.27113745528408
28725000,93.01744088245961
28750000,95.09551115088885
28775000,94.08643200895399
28800000,89.790336927361
28825000,82.24726403204073
28850000,71.73597911626247
28875000,58.75077948218139
28900000,43.95879187050502
28925000,28.142743344280422
28950000,12.136302408587579
28975000,-3.2405442120879986
29000000,-17.240421639522605
29025000,-29.23851129066806
29050000,-38.7718790418734
29075000,-45.567403200852624
29100000,-49.55776216971135
29125000,-50.88482117378492
29150000,-49.88956284427947
29175000,-47.0877583366543
29200000,-43.131153541409255
29225000,-38.75519728272142
29250000,-34.716195535518835
29275000,-31.722901863503218
29300000,-30.369386380016543
29325000,-31.076926078633715
29350000,-34.05215420107828
29375000,-39.266710175893444
29400000,-46.460539113351444
29425000,-55.16756057246937
29450000,-64.75950510020263
29475000,-74.50192438043189
29500000,-83.61592252515034
29525000,-91.33982239799283
29550000,-96.98629986854479
29575000,-99.99196403797173
29600000,-99.9575199716059
29625000,-96.67730590823699
29650000,-90.15712866138448
29675000,-80.61905860582347
29700000,-68.49148988119799
29725000,-54.38300074690147
29750000,-39.040181916373214
29775000,-23.292141131012063
29800000,-7.986211460447228
29825000,6.079738324388648
29850000,18.222361422708936
29875000,27.92890691156946
29900000,34.89840735189929
29925000,39.063491711353656
29950000,40.59055839222277
29975000,39.85866669988372
30000000,37.420005658991904
30025000,33.94670146857559
30050000,30.16974077266529
30075000,26.815878502383498
30100000,24.547751343292507
30125000,23.91134434125341
30150000,25.29378573821472
30175000,28.89342119869697
30200000,34.70336175819378
30225000,42.509195462193695
30250000,51.90118154732162
30275000,62.300832655570595
30300000,73.00116135628902
30325000,83.21891138258837
30350000,92.15581829479297
30375000,99.06450691756986
30400000,103.31333600109237
30425000,104.44372515540667
30450000,102.21358127182218
30475000,96.62152019203688
30500000,87.90852372902738
30525000,76.53631146905543
30550000,63.14509134257141
30575000,48.49681033191178
30600000,33.411614384913875
30625000,18.704328443313496
30650000,5.12583634402167
30675000,-6.687537916153211
30700000,-16.254835508946435
30725000,-23.280380756404156
30750000,-27.67197409205161
30775000,-29.546434875463163
30800000,-29.221434447065374
30825000,-27.19268885686791
30850000,-24.09623814897828
30875000,-20.656855001865683
30900000,-17.625512601761482
30925000,-15.710955472972069
30950000,-15.512203550218876
30975000,-17.45967055659102
31000000,-21.77205756749909
31025000,-28.434234944377984
31050000,-37.19834398428017
31075000,-47.607057568003746
31100000,-59.03512674664714
31125000,-70.74358142046553
31150000,-81.94043738263625
31175000,-91.84229766424872
31200000,-99.73239177160293
31225000,-105.01188783301349
31250000,-107.24235200496624
31275000,-106.17779008007362
31300000,-101.78472079522057
31325000,-94.24837957647597
31350000,-83.96317151251866
31375000,-71.50676939322706
31400000,-57.59921796041652
31425000,-43.04971636606192
31450000,-28.69456317721526
31475000,-15.330761862386668
31500000,-3.6508931523916393
31525000,5.814442598475419
31550000,12.740445995508423
31575000,17.033199415967076
31600000,18.83311116509231
31625000,18.49650719724801
31650000,16.557863972323418
31675000,13.677358201156162
31700000,10.579676614299517
31725000,7.990267179119347
31750000,6.574579728092474
31775000,6.884674480625218
31800000,9.316252525904806
31825000,14.077991793742425
31850000,21.17422318869866
31875000,30.401466823909168
31900000,41.35905148364553
31925000,53.47376727911043
31950000,66.03804126269581
31975000,78.26031773622294
32000000,89.32512250927219
32025000,98.45880963098182
32050000,104.9955178341882
32075000,108.43679955979405
32100000,108.49809075753406
32125000,105.1358729974728
32150000,98.5512961105893
32175000,89.1695871337008
32200000,77.59896560996691
32225000,64.57566249878874
32250000,50.902077559266935
32275000,37.38414673531754
32300000,24.772575674097425
32325000,13.71117183347951
32350000,4.694362457149141
32375000,-1.9647170703589307
32400000,-6.154444705866652
32425000,-7.972107008421222
32450000,-7.7172910546966875
32475000,-5.870317480599127
32500000,-3.05548412611071
32525000,0.009772536747565404
32550000,2.57683752896377
32575000,3.9340029634759786
32600000,3.4739853908945553
32625000,0.7533801293762001
32650000,-4.462954794151409
32675000,-12.177771876333606
32700000,-22.15995803722796
32725000,-33.964993545158556
32750000,-46.97392458120972
32775000,-60.445658313322724
32800000,-73.57674989556803
32825000,-85.56319432312847
32850000,-95.65969006180518
32875000,-103.23296508671211
32900000,-107.80665477682675
32925000,-109.09560365101008
32950000,-107.0273441164508
32975000,-101.74863221265149
33000000,-93.61611870710115
33025000,-83.17176008024968
33050000,-71.1043356359919
33075000,-58.19888134210381
33100000,-45.276716458117534
33125000,-33.13004312018392
33150000,-22.456470394664173
33175000,-13.799791865676456
33200000,-7.503497017128574
33225000,-3.6825476740812793
33250000,-2.21691398210335
33275000,-2.767583037287031
33300000,-4.8128169076981875
33325000,-7.699989679527875
33350000,-10.706857436660602
33375000,-13.105785432242683
33400000,-14.225123214660586
33425000,-13.50320704836667
33450000,-10.531938327645605
33475000,-5.0881713575038585
33500000,2.84796084726364
33525000,13.088173053779068
33550000,25.244804557819734
33575000,38.75332003021114
33600000,52.90830332706902
33625000,66.91202108405265
33650000,79.93346318570205
33675000,91.17420387303659
33700000,99.93573767909328
33725000,105.68149498610634
33750000,108.08592896607799
33775000,107.06360512991887
33800000,102.77408986672195
33825000,95.60297600313652
33850000,86.12313560906573
33875000,75.04209860945043
33900000,63.14182959708798
33925000,51.216655182069225
33950000,40.01403400538809
33975000,30.181635328116403
34000000,22.22313200394017
34025000,16.46440876933926
34050000,13.031554283367852
34075000,11.841915550374722
34100000,12.609421194706584
34125000,14.865069350993819
34150000,17.992712960770056
34175000,21.278966549804792
34200000,23.974296637446873
34225000,25.360445854009903
34250000,24.81774484285112
34275000,21.885086792379063
34300000,16.305733690974158
34325000,8.053747189108025
34350000,-2.6616096683067316
34375000,-15.413241170061164
34400000,-29.59247407418319
34425000,-44.4594819366127
34450000,-59.20234219145005
34475000,-72.99930130899298
34500000,-85.07955552428031
34525000,-94.77876616353446
34550000,-101.58614383654388
34575000,-105.18010959811917
34600000,-105.45001370637402
34625000,-102.50280826504735
34650000,-96.65492936690207
34675000,-88.41004139386891
34700000,-78.42333755735338
34725000,-67.4535292830265
34750000,-56.30467714705972
34775000,-45.7614776528143
34800000,-36.523200882021634
34825000,-29.14271199653576
34850000,-23.977409399668083
34875000,-21.158120320161885
34900000,-20.579968889014914
34925000,-21.91631622460309
34950000,-24.65371392261129
34975000,-28.143144192645632
35000000,-31.661201586710277
35025000,-34.47451258621533
35050000,-35.90142516400495
35075000,-35.36640768557203
35100000,-32.44417742420373
35125000,-26.89192573823375
35150000,-18.668895766817375
35175000,-7.9429770783376075
35200000,4.915946259073544
35225000,19.35617365501396
35250000,34.67799225651665
35275000,50.08059130081625
35300000,64.7203922465064
35325000,77.77739994601329
35350000,88.52412863821587
35375000,96.38960134507634
35400000,101.00990248086796
35425000,102.25831966894516
35450000,100.25191641318602
35475000,95.33520898443847
35500000,88.04434876981563
35525000,79.0569019832086
35550000,69.13303897905963
35575000,59.05376976791668
35600000,49.5610545648704
35625000,41.303545854671164
35650000,34.79071004553561
35675000,30.35733245867574
35700000,28.139973986657818
35725000,28.066728532783262
35750000,29.861440949245704
35775000,33.06316400129956
35800000,37.06087032193723
35825000,41.14220376590861
35850000,44.5534266726036
35875000,46.56595134171521
35900000,46.54333829182301
35925000,44.00184513752116
35950000,38.657854467957605
35975000,30.456885936330895
36000000,19.5811864425744
36025000,6.4356164414985475
36050000,-8.385869079564769
36075000,-24.148904703108172
36100000,-40.03728990326447
36125000,-55.216039700269064
36150000,-68.89393039903962
36175000,-80.3810340453587
36200000,-89.13703511446697
36225000,-94.80700974119824
36250000,-97.24317955587105
36275000,-96.51263071007861
36300000,-92.89132328521183
36325000,-86.84453511200323
36350000,-78.99389281166646
36375000,-70.07165358755503
36400000,-60.86400228681643
36425000,-52.14672422638919
36450000,-44.61839339373183
36475000,-38.83767772030964
36500000,-35.171948419362735
36525000,-33.7636743946995
36550000,-34.5190168771384
36575000,-37.11998068563897
36600000,-41.05813806095768
36625000,-45.68512500660559
36650000,-50.2734269054315
36675000,-54.08063472279448
36700000,-56.41116784904147
36725000,-56.670953545579
36750000,-54.412187719578554
36775000,-49.366648689169566
36800000,-41.46687015245189
36825000,-30.854792641904318
36850000,-17.877468374539006
36875000,-3.0692643046808925
36900000,12.87990140277368
36925000,29.170176564181915
36950000,44.94988512783857
36975000,59.38272594881314
37000000,71.71792298634706
37025000,81.35493426307644
37050000,87.89444538358032
37075000,91.1698217924288
37100000,91.25624573294003
37125000,88.45761010953534
37150000,83.27375858238366
37175000,76.35256144279333
37200000,68.43232995388632
37225000,60.28017967865421
37250000,52.63137148032777
37275000,46.13371535664368
37300000,41.3001328086618
37325000,38.47165528633947
37350000,37.79257131149771
37375000,39.1990752683091
37400000,42.42247300555359
37425000,47.00757508239423
37450000,52.346185256945844
37475000,57.724476046087084
37500000,62.381574207775756
37525000,65.57505577352076
37550000,66.64761014585069
37575000,65.08827214485137
37600000,60.58167100553021
37625000,53.03984463357994
37650000,42.61318547474779
37675000,29.67963854763177
37700000,14.813838025092895
37725000,-1.2600580109121833
37750000,-17.72680860749514
37775000,-33.74426962355688
37800000,-48.50758248622354
37825000,-61.3076781236804
37850000,-71.57953335018976
37875000,-78.93786725858538
37900000,-83.19975556830744
37925000,-84.39421819478471
37950000,-82.75871845295059
37975000,-78.72229202965322
38000000,-72.87506489291816
38025000,-65.9244701938785
38050000,-58.639655936223484
38075000,-51.78730585023368
38100000,-46.064044815978086
38125000,-42.032224988706666
38150000,-40.06658117888203
38175000,-40.31855721819063
38200000,-42.702972428021106
38225000,-46.90852362210851
38250000,-52.4301693776572
38275000,-58.618569341863065
38300000,-64.74007264336738
38325000,-70.04046076904159
38350000,-73.80651768647162
38375000,-75.42102018216355
38400000,-74.40836013506832
38425000,-70.46930058998535
38450000,-63.50411698049872
38475000,-53.62359058865259
38500000,-41.147181597306265
38525000,-26.587494778549065
38550000,-10.620177971134302
38575000,5.961002684779841
38600000,22.302561799845442
38625000,37.55900941759264
38650000,50.962857899132615
38675000,61.888923924592916
38700000,69.90588429035715
38725000,74.80975546341723
38750000,76.63610602041379
38775000,75.65034673353702
38800000,72.3180006244185
38825000,67.25894170158797
38850000,61.190868298324254
38875000,54.8676590289455
38900000,49.01788936500243
38925000,44.287945882002724
38950000,41.193171766574416
38975000,40.0795551594867
39000000,41.09775938618413
39025000,44.19079370310594
39050000,49.09623475476841
39075000,55.36347281808203
39100000,62.385808367127304
39125000,69.44625240638067
39150000,75.77458452057463
39175000,80.6117331016456
39200000,83.27613790918366
39225000,83.22579445586739
39250000,80.10950240413725
39275000,73.80164525183415
39300000,64.41657893007601
39325000,52.301104876342436
39350000,38.00605989677969
39375000,22.240269338612766
39400000,5.811778863678237
39425000,-10.43738485825745
39450000,-25.695932293108385
39475000,-39.24147725881807
39500000,-50.4885401624725
39525000,-59.02489166076217
39550000,-64.63575906314826
39575000,-67.31564230490153
39600000,-67.2673296678675
39625000,-64.88750175325723
39650000,-60.73838257991514
39675000,-55.505504233074724
39700000,-49.94292500559615
39725000,-44.80908812623217
39750000,-40.798572952022965
39775000,-38.47669949976962
39800000,-38.22466962926025
39825000,-40.202216728770665
39850000,-44.332548085170956
39875000,-50.311141909246686
39900000,-57.636498930095286
39925000,-65.65810053893858
39950000,-73.63519145873752
39975000,-80.79974808799639
40000000,-86.41785603671987
40025000,-89.84519225008385
40050000,-90.57384458719501
40075000,-88.26889594215
40100000,-82.79385587363397
40125000,-74.22415590512472
40150000,-62.84770896474114
40175000,-49.15124168972677
40200000,-33.791140195389666
40225000,-17.548569916277504
40250000,-1.2710984050986507
40275000,14.194120952269655
40300000,28.069077432949992
40325000,39.70881338376499
40350000,48.65409894570222
40375000,54.667379977902606
40400000,57.748268801544484
40425000,58.12725589070297
40450000,56.23891560301309
40475000,52.6781477880049
40500000,48.14454554944695
40525000,43.38063374337754
40550000,39.10954586408099
40575000,35.976937323441305
40600000,34.50088174486702
40625000,35.03244527087755
40650000,37.728764241469236
40675000,42.539819917338235
40700000,49.20965051777527
40725000,57.29232660547283
40750000,66.18247311412847
40775000,75.15931136934172
40800000,83.4420639468887
40825000,90.25318989565343
40850000,94.88451706148953
40875000,96.76024332148094
40900000,95.49034873975552
40925000,90.90846116764432
40950000,83.08969738449834
40975000,72.34622676572427
41000000,59.20084774179655
41025000,44.34146134360931
41050000,28.561981540469553
41075000,12.69717856452137
41100000,-2.4412865895782985
41125000,-16.1224913291832
41150000,-27.74461511631726
41175000,-36.8725689510957
41200000,-43.264149165781156
41225000,-46.884151902219116
41250000,-47.90574301543244
41275000,-46.69821213834732
41300000,-43.80036712683444
41325000,-39.8795089403054
41350000,-35.677284606732705
41375000,-31.94563658943052
41400000,-29.3781755916791
41425000,-28.544017460827085
41450000,-29.8318208731437
41475000,-33.41101982556802
41500000,-39.21505329314236
41525000,-46.948213828256094
41550000,-56.11435341035204
41575000,-66.06291919499685
41600000,-76.04620362940715
41625000,-85.28142013410931
41650000,-93.01199907316885
41675000,-98.56385140991193
41700000,-101.3937563845018
41725000,-101.12811159371256
41750000,-97.5908530769075
41775000,-90.81940854862593
41800000,-81.06723560126285
41825000,-68.79120227813823
41850000,-54.622616159394475
41875000,-39.32268929008725
41900000,-23.72558556841262
41925000,-8.673591882678824
41950000,5.05026873417631
41975000,16.786170049406927
42000000,26.05165053283778
42025000,32.58024423979406
42050000,36.340313299987145
42075000,37.53211329168155
42100000,36.56377083764505
42125000,34.00932634733804
42150000,30.55382502176959
42175000,26.931355109041785
42200000,23.861918888652657
42225000,21.992284832320987
42250000,21.844835507278052
42275000,23.777225368375785
42300000,27.954637695518848
42325000,34.335688578652835
42350000,42.672541384928394
42375000,52.525438191092114
42400000,63.29144371712022
42425000,74.24655816710926
42450000,84.59938264218427
42475000,93.553232037007
42500000,100.3721577643644
42525000,104.445081327795
42550000,105.34153538307135
42575000,102.85268477054052
42600000,97.01246393917022
42625000,88.0956946783365
42650000,76.59289953974557
42675000,63.16521260655519
42700000,48.586083688027855
42725000,33.6774303666002
42750000,19.246658387211816
42775000,6.029094392414826
42800000,-5.361277738163262
42825000,-14.471075732402051
42850000,-21.03573058292111
42875000,-24.99579361776043
42900000,-26.500384820706923
42925000,-25.89673258591392
42950000,-23.704965199251525
42975000,-20.578075671774172
43000000,-17.248392082263933
43025000,-14.463818911965387
43050000,-12.919192784438556
43075000,-13.189752204319158
43100000,-15.674368333324423
43125000,-20.555441708800362
43150000,-27.780250462673163
43175000,-37.065487076079215
43200000,-47.92348310220134
43225000,-59.70595646795643
43250000,-71.6595407657447
43275000,-82.98700024488454
43300000,-92.90866728524502
43325000,-100.71981914870634
43350000,-105.84096708846782
43375000,-107.85899843746714
43400000,-106.55758033617984
43425000,-101.9351563027839
43450000,-94.20854799160668
43475000,-83.80052718707907
43500000,-71.3113176288041
43525000,-57.475741285934774
43550000,-43.108694849057265
43575000,-29.042429016608597
43600000,-16.0602016938434
43625000,-4.831995739272424
43650000,4.141372845264083
43675000,10.569668897874257
43700000,14.395368123764667
43725000,15.793904742289085
43750000,15.152176657709651
43775000,13.028150559661597
43800000,10.096519845443156
43825000,7.0865178589009234
43850000,4.718094455449223
43875000,3.6419144500428624
43900000,4.387389931444849
43925000,7.321603188604432
43950000,12.620815500029266
43975000,20.2554418734447
44000000,29.988897368024137
44025000,41.39045478185896
44050000,53.8619913786709
44075000,66.67802992055277
44100000,79.03764066292996
44125000,90.12553275365147
44150000,99.17816125453434
44175000,105.54921608784058
44200000,108.76784251133178
44225000,108.58271253420469
44250000,104.985860289365
44275000,98.21244066488985
44300000,88.71657087828112
44325000,77.12770549436692
44350000,64.19428487884768
44375000,50.72148693119747
44400000,37.50890893658436
44425000,25.292628265729935
44450000,14.69471933736943
44475000,6.182224002677368
44500000,0.03693075816659755
44525000,-3.6629102975415107
44550000,-5.047796110471195
44575000,-4.447966130170913
44600000,-2.369348725459214
44625000,0.545558575187469
44650000,3.5704766644494486
44675000,5.958520773554587
44700000,7.010498864791047
44725000,6.141500158010103
44750000,2.9383296287232596
44775000,-2.7989710309647395
44800000,-11.036308221722797
44825000,-21.507373079292247
44850000,-33.737017390169534
44875000,-47.082477900161216
44900000,-60.78714422365412
44925000,-74.04106157147079
44950000,-86.04278664485773
44975000,-96.05819212899874
45000000,-103.47290666235541
45025000,-107.83588959201441
45050000,-108.89190282927407
45075000,-106.60054324817962
45100000,-101.1399752777716
45125000,-92.89496438486795
45150000,-82.43008676443915
45175000,-70.44946677492995
45200000,-57.74484409300443
45225000,-45.13473817387808
45250000,-33.39883717974091
45275000,-23.213105741703146
45300000,-15.092021614167615
45325000,-9.344388543172375
45350000,-6.04807914819198
45375000,-5.046887798197932
45400000,-5.969805635675139
45425000,-8.270088338428426
45450000,-11.279120753908733
45475000,-14.26874937186091
45500000,-16.515586235803493
45525000,-17.361593145513154
45550000,-16.266629582994913
45575000,-12.850142145263721
45600000,-6.920432444336044
45625000,1.509218628703751
45650000,12.217870216105544
45675000,24.787834747970553
45700000,38.62922464814032
45725000,53.01784650501863
45750000,67.14541648192176
45775000,80.17984174434928
45800000,91.33170139307678
45825000,99.92134600895636
45850000,105.43957520390246
45875000,107.59411575965227
45900000,106.33507182213118
45925000,101.85595724198237
45950000,94.57145437656017
45975000,85.0763128304938
46000000,74.09129598196672
46025000,62.40235519007017
46050000,50.798648112985155
46075000,40.01394590506765
46100000,30.674771730636078
46125000,23.257597509095767
46150000,18.056763668881583
46175000,15.16447582994559
46200000,14.464131787046448
46225000,15.638115094337351
46250000,18.19081023666529
46275000,21.486753586465777
46300000,24.802466736500026
46325000,27.38874455150188
46350000,28.538311989899558
46375000,27.652288930148636
46400000,24.298289288296946
46425000,18.253544659925204
46450000,9.528192694847577
46475000,-1.6335273428849097
46500000,-14.773552740980612
46525000,-29.258604670606854
46550000,-44.33227358292555
46575000,-59.175027645950635
46600000,-72.96677821569767
46625000,-84.94738940119909
46650000,-94.47136905710012
46675000,-101.05346600638407
46700000,-104.40211009028711
46725000,-104.43848478894819
46750000,-101.30063714729756
46775000,-95.33309684224234
46800000,-87.06261618949273
46825000,-77.1606883898261
46850000,-66.39403394939721
46875000,-55.565350058987185
46900000,-45.44813260715341
46925000,-36.72096446920961
46950000,-29.907836964163614
46975000,-25.331337756902972
47000000,-23.084570197683963
47025000,-23.025473835477587
47050000,-24.794193357261125
47075000,-27.85097952546103
47100000,-31.52953697171656
47125000,-35.09928665821761
47150000,-37.829840491893904
47175000,-39.051873914916555
47200000,-38.21007374799486
47225000,-34.90543023606269
47250000,-28.925443428664217
47275000,-20.26162932825882
47300000,-9.114047672176739
47325000,4.117402220137208
47350000,18.855195748227857
47375000,34.37997316636466
47400000,49.87928812685958
47425000,64.50743575338673
47450000,77.45268705078294
47475000,88.00608972687934
47500000,95.62393071117681
47525000,99.9753732320666
47550000,100.96898772986394
47575000,98.75578214812786
47600000,93.70982920113802
47625000,86.39008797758305
47650000,77.48859858492406
47675000,67.77085833170129
47700000,58.013942521860194
47725000,48.947093772641544
47750000,41.19843571262235
47775000,35.25048245659643
47800000,31.406395579014205
47825000,29.768514704408478
47850000,30.230454585294137
47875000,32.483833172937594
47900000,36.04025732344144
47925000,40.2683708921685
47950000,44.44449690950631
47975000,47.81377487837287
48000000,49.6569762151297
48025000,49.35677851938118
48050000,46.45662001730103
48075000,40.70564388961814
48100000,32.084731336030906
48125000,20.810964457444943
48150000,7.320570276909316
48175000,-7.767092107773574
48200000,-23.70009829071711
48225000,-39.653744686252026
48250000,-54.794142742371896
48275000,-68.34061299287869
48300000,-79.62222490555422
48325000,-88.12422235812924
48350000,-93.52139149578692
48375000,-95.69740093089717
48400000,-94.75030577642318
48425000,-90.98449912720501
48450000,-84.88919256781942
48475000,-77.10358202094474
48500000,-68.36945328867203
48525000,-59.47317135815537
48550000,-51.180657454400084
48575000,-44.17074295013864
48600000,-38.9736747947277
48625000,-35.921973673611106
48650000,-35.11993330513627
48675000,-36.43578997402051
48700000,-39.5174185516078
48725000,-43.82907745830973
48750000,-48.704033647364014
48775000,-53.406413039874295
48800000,-57.19549099565658
48825000,-59.38660571541385
48850000,-59.404443349469254
48875000,-56.82606994122976
48900000,-51.412367735527134
48925000,-43.1272809447725
48950000,-32.144511459408
48975000,-18.841215730666505
49000000,-3.7781242849995262
49025000,12.334358277233184
49050000,28.683851791825013
49075000,44.415890283268155
49100000,58.70213126887182
49125000,70.81016648052727
49150000,80.166381389845
49175000,86.40407678627575
49200000,89.39163648158977
49225000,89.23837956169798
49250000,86.2784687295962
49275000,81.03570072304541
49300000,74.17381911954692
49325000,66.43790704369557
49350000,58.59244752759539
49375000,51.36101135762487
49400000,45.37157231703068
49425000,41.11046286237866
49450000,38.887173167344535
49475000,38.81163313222966
49500000,40.78524493595296
49525000,44.506607616868195
49550000,49.49241121426677
49575000,55.11321400014255
49600000,60.64267304037047
49625000,65.31733015532197
49650000,68.40247219444946
49675000,69.25822556300116
49700000,67.39929624994959
49725000,62.54193825675478
49750000,54.63293727628937
49775000,43.85747886001366
49800000,30.625335404982266
49825000,15.537329579057824
49850000,-0.6639765420567916
49875000,-17.154226510321585
49900000,-33.09217186457494
49925000,-47.683555454989005
49950000,-60.23821842895361
49975000,-70.21629701618701
50000000,-77.26173029016239
50025000,-81.22277907438045
50050000,-82.15960384296035
50075000,-80.33877705724703
50100000,-76.21440874302849
50125000,-70.39567025481323
50150000,-63.60114602847307
50175000,-56.60172440550246
50200000,-50.15553811735759
50225000,-44.94041303849302
50250000,-41.490812899331104
50275000,-40.14677526814584
50300000,-41.02141749936854
50325000,-43.99125534156818
50350000,-48.71029675447577
50375000,-54.645452717468785
50400000,-61.128081954944854
50425000,-67.41502176177124
50450000,-72.75237513251228
50475000,-76.4363340607077
50500000,-77.8668923685972
50525000,-76.5918931722425
50550000,-72.34006863119275
50575000,-65.0423869049663
50600000,-54.841161402250776
50625000,-42.0861993710987
50650000,-27.31705974411176
50675000,-11.230575544486229
50700000,5.366447004167182
50725000,21.617530237411234
50750000,36.68499913996525
50775000,49.819321589313
50800000,60.42160500309242
50825000,68.09260308721936
50850000,72.66320348080899
50875000,74.20349651826713
50900000,73.01007288341275
50925000,69.57372266973871
50950000,64.5317213905881
50975000,58.610076629973726
51000000,52.56140843238371
51025000,47.103703536202296
51050000,42.86430336650114
51075000,40.3324633104411
51100000,39.82289240909453
51125000,41.45196742964129
51150000,45.12780864622714
51175000,50.55500245336368
51200000,57.254298772091396
51225000,64.59693911421833
51250000,71.85228157939159
51275000,78.24608863621724
51300000,83.0253793101215
51325000,85.52439966001116
51350000,85.22539016851886
51375000,81.80775427918107
51400000,75.18013901749059
51425000,65.49176674600452
51450000,53.121787541931866
51475000,38.647955809456846
51500000,22.79811104020485
51525000,6.389676361062752
51550000,-9.736166197026284
51575000,-24.77850538753022
51600000,-38.033332894282935
51625000,-48.93969840918974
51650000,-57.11415488909973
51675000,-62.37307219890234
51700000,-64.74253551899344
51725000,-64.45536699001656
51750000,-61.93463524080453
51775000,-57.76316109340493
51800000,-52.639239066985006
51825000,-47.32017205105229
51850000,-42.55712760004037
51875000,-39.02687290541271
51900000,-37.26753701463773
51925000,-37.6260663772476
51950000,-40.22408899270899
51975000,-44.946517374056555
52000000,-51.453910888914244
52025000,-59.216206731429786
52050000,-67.56274562523913
52075000,-75.7421000443507
52100000,-82.98515077927435
52125000,-88.56584291179274
52150000,-91.85555837445533
52175000,-92.36853982901161
52200000,-89.79691271114629
52225000,-84.03441857525883
52250000,-75.18803565639578
52275000,-63.57640955678789
52300000,-49.71373829792515
52325000,-34.277932818211056
52350000,-18.063253867484253
52375000,-1.9203265968971006
52400000,13.311092199555596
52425000,26.87020095330003
52450000,38.13755235977464
52475000,46.68548756701691
52500000,52.311301947167415
52525000,55.04967489777881
52550000,55.163345603690665
52575000,53.11360314586468
52600000,49.51437582091115
52625000,45.075171885281996
52650000,40.53868708570652
52675000,36.6186336730763
52700000,33.94251173218278
52725000,33.00295233572088
52750000,34.12019266350518
52775000,37.41737129743592
52800000,42.80970483974031
52825000,50.00815740088871
52850000,58.53779832616412
52875000,67.77049218519868
52900000,76.97074332244541
52925000,85.352379277943
52950000,92.14238882262899
52975000,96.64686022023062
53000000,98.31293062903475
53025000,96.78031511335598
53050000,91.9165846410611
53075000,83.83192837338277
53100000,72.8714052148631
53125000,59.58527027201405
53150000,44.68071566190354
53175000,28.961171678755242
53200000,13.260916427903398
53225000,-1.6180953710171733
53250000,-14.96252514381794
53275000,-26.19443321443294
53300000,-34.90721200641287
53325000,-40.88995676631511
53350000,-44.13968186637369
53375000,-44.86063684144374
53400000,-43.44984792891984
53425000,-40.46822062063481
53450000,-36.59733002950456
53475000,-32.58348296329009
53500000,-29.172606556001504
53525000,-27.04159160438846
53550000,-26.73329702974773
53575000,-28.602904629338138
53600000,-32.78233742475104
53625000,-39.16708468211404
53650000,-47.42653160779166
53675000,-57.03557505941358
53700000,-67.32270739477131
53725000,-77.52836509455335
53750000,-86.86723896896048
53775000,-94.58912796551698
53800000,-100.03429138423596
53825000,-102.68061892220236
53850000,-102.18094129484469
53875000,-98.38928806916414
53900000,-91.37487910532718
53925000,-81.42228765368715
53950000,-69.0160465026605
53975000,-54.808903968483264
54000000,-39.57513428211794
54025000,-24.152329987585016
54050000,-9.376168008013183
54075000,3.9865762619244354
54100000,15.300748976733397
54125000,24.115001712983737
54150000,30.197804703474624
54175000,33.55326255378848
54200000,34.415067043801585
54225000,33.219592127219116
54250000,30.56157890622785
54275000,27.137611048686345
54300000,23.683391644099256
54325000,20.910710084015793
54350000,19.44915995597884
54375000,19.796476260674485
54400000,22.28013556734654
54425000,27.031841688072713
54450000,33.97579830771304
54475000,42.83120914017984
54500000,53.12910549933685
54525000,64.24319298154083
54550000,75.43375874992951
54575000,85.90268928495375
54600000,94.85634478485429
54625000,101.57160797859645
54650000,105.45920043492148
54675000,106.1177275262436
54700000,103.37218030506585
54725000,97.29186807197617
54750000,88.18489975942255
54775000,76.56947780455927
54800000,63.126194207161745
54825000,48.63844649642608
54850000,33.928441989190716
54875000,19.79483308570141
54900000,6.956236758852653
54925000,-3.9966543030282993
54950000,-12.638762807340525
54975000,-18.737100100221184
55000000,-22.26514297055957
55025000,-23.404138361785876
55050000,-22.53031143838882
55075000,-20.18724801549496
55100000,-17.043586247493618
55125000,-13.83764936621478
55150000,-11.31261653209375
55175000,-10.14785414885293
55200000,-10.89354245998991
55225000,-13.916172240302245
55250000,-19.361530244469666
55275000,-27.139518877388046
55300000,-36.93206138877108
55325000,-48.22217710405085
55350000,-60.33980016133265
55375000,-72.51851913731188
55400000,-83.95720783511595
55425000,-93.88123472476458
55450000,-101.59913250163207
55475000,-106.55182449607
55500000,-108.35239640677807
55525000,-106.81477114529633
55550000,-101.9694869566393
55575000,-94.06457600515394
55600000,-83.55028859397993
55625000,-71.0481657843465
55650000,-57.306386257161165
55675000,-43.14404425738318
55700000,-29.387850844022115
55725000,-16.805923812077506
55750000,-6.044444745319012
55775000,2.4264725248345926
55800000,8.351703850473134
55825000,11.7102309162049
55850000,12.71216589161557
55875000,11.774190818241882
55900000,9.476605831556101
55925000,6.5072093212771565
55950000,3.5982563061497648
55975000,1.4627092175672358
56000000,0.7351300415810784
56025000,1.9212437316621547
56050000,5.358823952665971
56075000,11.191407311466687
56100000,19.35556675748734
56125000,29.582044007011387
56150000,41.410806314216664
56175000,54.21983959574865
56200000,67.26700132069139
56225000,79.74338306725791
56250000,90.8353557040093
56275000,99.79094602176774
56300000,105.98474611638719
56325000,108.97458467779668
56350000,108.54302047690675
56375000,104.71767281788603
56400000,97.76708180873518
56425000,88.17315293469967
56450000,76.58522104120418
56475000,63.762496633223826
56500000,50.51151715365848
56525000,37.624210372126015
56550000,25.820828493359162
56575000,15.700688896754123
56600000,7.702639256491628
56625000,2.076578524667556
56650000,-1.132834594284909
56675000,-2.089150581022911
56700000,-1.1526948888636666
56725000,1.1459679310274926
56750000,4.14746153138511
56775000,7.1182224334926065
56800000,9.31473273248053
56825000,10.051847981496879
56850000,8.768281195345008
56875000,5.081881648456144
56900000,-1.171780371034139
56925000,-9.921913871974994
56950000,-20.867601410121615
56975000,-33.50399964518695
57000000,-47.16571061660741
57025000,-61.08192489359809
57050000,-74.43755947869582
57075000,-86.43511407888512
57100000,-96.35296150793361
57125000,-103.59683794392652
57150000,-107.74201001979182
57175000,-108.56375188648286
57200000,-106.053789846764
57225000,-100.42124679452813
57250000,-92.07816957743786
57275000,-81.61065790425981
57300000,-69.73690148359793
57325000,-57.25394480772242
57350000,-44.97605933870476
57375000,-33.66900708426459
57400000,-23.985835228559345
57425000,-16.41068710198557
57450000,-11.217029117017917
57475000,-8.445448715376836
57500000,-7.90386693511967
57525000,-9.190061793500641
57550000,-11.733464651164557
57575000,-14.850920253317945
57600000,-17.809921508466633
57625000,-19.892829165114023
57650000,-20.456527309220334
57675000,-18.983417554608554
57700000,-15.12116349434161
57725000,-8.709821249792268
57750000,0.20422746142193599
57775000,11.367761824860526
57800000,24.333741123494985
57825000,38.48786708073889
57850000,53.08834735413027
57875000,67.31772394463233
57900000,80.34433864851643
57925000,91.38934636382524
57950000,99.79343970026966
57975000,105.07597217311115
58000000,106.978577782006
58025000,105.48686839463336
58050000,100.82770522235109
58075000,93.44386637229712
58100000,83.95074429851454
58125000,73.08097812840096
58150000,61.62311681535919
58175000,50.35980044514727
58200000,40.009864962492735
58225000,31.177597890148647
58250000,24.311399231520216
58275000,19.67347712670163
58300000,17.32191224845842
58325000,17.106307936890587
58350000,18.67807779502791
58375000,21.515971049245532
58400000,24.966522431920584
58425000,28.297696016074845
58450000,30.76221718989522
58475000,31.665292631595293
58500000,30.430069896951874
58525000,26.653739734220153
58550000,20.147908994868843
58575000,10.958735215122298
58600000,-0.6350473451832963
58625000,-14.14524728209314
58650000,-28.915094035015148
58675000,-44.17290305173726
58700000,-59.09296165124839
58725000,-72.8583277100593
58750000,-84.72099328609447
58775000,-94.05562924330921
58800000,-100.40350357110974
58825000,-103.50354060188398
58850000,-103.30874770272155
58875000,-99.98786486937273
58900000,-93.91281146677846
58925000,-85.63247687737848
58950000,-75.83349492483737
58975000,-65.28926868254895
59000000,-54.79969767098523
59025000,-45.12562317384436
59050000,-36.923586259006875
59075000,-30.687589495468536
59100000,-26.704673893569534
59125000,-25.029970617917908
59150000,-25.48452392507567
59175000,-27.676064035449034
59200000,-31.039757427325927
59225000,-34.893510597917164
59250000,-38.50113881796832
59275000,-41.136730873031155
59300000,-42.14457405056202
59325000,-40.99056661107596
59350000,-37.30263436231079
59375000,-30.898913820398374
59400000,-21.8032016623055
59425000,-10.24743514712952
59450000,3.3390497991284467
59475000,18.353762026979933
59500000,34.058825673079
59525000,49.63154723485112
59550000,64.22569720626635
59575000,77.03951792408324
59600000,87.38417358940852
59625000,94.74437849504326
59650000,98.82293847299901
59675000,99.56368570049544
59700000,97.15107001754788
59725000,91.98784841180004
59750000,84.65465182271981
59775000,75.85669314531891
59800000,66.36341909831805
59825000,56.94659627443912
59850000,48.32145415730091
59875000,41.094444483911445
59900000,35.72021331677124
59925000,32.46968289928701
59950000,31.41072003138331
59975000,32.402617036439494
60000000,35.10534301088341
60025000,39.0040305968927
60050000,43.44828763946771
60075000,47.704616323259266
60100000,51.01859746281839
60125000,52.68183652912541
60150000,52.097371761699435
60175000,48.83672227376148
60200000,42.68227920052096
60225000,33.650335162503815
60250000,21.992434755827883
60275000,8.175420016651962
60300000,-7.157015637778029
60325000,-23.236709833994187
60350000,-39.23196051657998
60375000,-54.311583049803026
60400000,-67.70701069276788
60425000,-78.76761667109787
60450000,-87.00506969271979
60475000,-92.12427438701737
60500000,-94.04037374748103
60525000,-92.88210582408807
60550000,-88.98173407768519
60575000,-82.85158174691173
60600000,-75.1473457604171
60625000,-66.61905269392935
60650000,-58.051797511643706
60675000,-50.20012405592432
60700000,-43.72168539011783
60725000,-39.117115291857225
60750000,-36.68329583189655
60775000,-36.486080209078345
60800000,-38.35608320858708
60825000,-41.907881882659424
60850000,-46.57966423243185
60875000,-51.68781594245619
60900000,-56.489656096249284
60925000,-60.24760359631521
60950000,-62.289165847793214
60975000,-62.05876357038026
61000000,-59.159009912561345
61025000,-53.38027155799936
61050000,-44.71799800882084
61075000,-33.37746636170473
61100000,-19.765461856544533
61125000,-4.468293450798024
61150000,11.784266188682215
61175000,28.168766622886924
61200000,43.82968478865624
61225000,57.94843398749185
61250000,69.81252167139777
61275000,78.87633989311628
61300000,84.80636014391192
61325000,87.50604304979416
61350000,87.1184587273806
61375000,84.00727905828795
61400000,78.719200238388
61425000,71.93258038947295
61450000,64.3979000296702
61475000,56.875608819960775
61500000,50.076249629965965
61525000,44.606774146413095
61550000,40.92597781319639
61575000,39.311177025362376
61600000,39.83768736294327
61625000,42.37227611925292
61650000,46.58140885724102
61675000,51.9546090686369
61700000,57.842450022874864
61725000,63.50753289304177
61750000,68.1853434383482
61775000,71.15034028352449
61800000,71.78135100835041
61825000,69.6197133654067
61850000,64.41388751850546
61875000,56.14556817850293
61900000,45.0344671212346
61925000,31.52150854532664
61950000,16.232657245595796
61975000,-0.07248952441107653
62000000,-16.56207785385627
62025000,-32.39746415724671
62050000,-46.79653919518561
62075000,-59.08923906410078
62100000,-68.76164399284137
62125000,-75.48734473835212
62150000,-79.14591331606995
62175000,-79.8284949735954
62200000,-77.8303363778828
62225000,-73.62989946873556
62250000,-67.85438759453369
62275000,-61.23225336584089
62300000,-54.53463706883057
62325000,-48.509543928340754
62350000,-43.81450007865677
62375000,-40.954842457848095
62400000,-40.23510706722579
62425000,-41.729831058023045
62450000,-45.27755598040227
62475000,-50.498454780665206
62500000,-56.832636465480945
62525000,-63.5936238595858
62550000,-70.03025378810797
62575000,-75.39036604616328
62600000,-78.98078415415735
62625000,-80.21970134011622
62650000,-78.67913762625342
62675000,-74.11626303804833
62700000,-66.49294766324019
62725000,-55.98296924035918
62750000,-42.96609991727149
62775000,-28.00810120836732
62800000,-11.825816013369398
62825000,4.762494112065173
62850000,20.89917236136743
62875000,35.756101208893426
62900000,48.60314890430225
62925000,58.8687596390904
62950000,66.18637240161235
62975000,70.42190679747108
63000000,71.67970495008278
63025000,70.28687938979753
63050000,66.75850518411873
63075000,61.748033484058574
63100000,55.98840355995725
63125000,50.22954771540515
63150000,45.17748717807607
63175000,41.43929652604889
63200000,39.477171538735625
63225000,39.573899661793654
63250000,41.81131442624799
63275000,46.06280343169744
63300000,52.000525791214834
63325000,59.117519896955756
63350000,66.76419035231699
63375000,74.19765932255311
63400000,80.64116894437069
63425000,85.34928393360273
63450000,87.67335236562457
63475000,87.12089152339476
63500000,83.40259223536276
63525000,76.46164099404727
63550000,66.48196161505986
63575000,53.87443572963212
63600000,39.24267123098909
63625000,23.332055469553154
63650000,6.967681461139451
63675000,-9.011787156685456
63700000,-23.817238632660683
63725000,-36.764142786419484
63750000,-47.316871481672074
63775000,-55.12127072032403
63800000,-60.025093584550255
63825000,-62.085974470923205
63850000,-61.566434644441856
63875000,-58.915271551367994
63900000,-54.73490836695339
63925000,-49.73509802638495
63950000,-44.67485359683869
63975000,-40.29643965497512
64000000,-37.257273929941825
64025000,-36.06704459212766
64050000,-37.03765049754194
64075000,-40.25238389661922
64100000,-45.5582086899115
64125000,-52.58161437079401
64150000,-60.7651881291263
64175000,-69.41954235763201
64200000,-77.78403198373695
64225000,-85.08981770410571
64250000,-90.61992297285244
64275000,-93.76245785672567
64300000,-94.054630841734
64325000,-91.2161966742393
64350000,-85.1714673792809
64375000,-76.0590105012892
64400000,-64.22787313584915
64425000,-50.21892512721075
64450000,-34.7303045468917
64475000,-18.56771768593845
64500000,-2.583107963589126
64525000,12.392785412811465
64550000,25.617752986998333
64575000,36.49892242710314
64600000,44.64089177014196
64625000,49.87607561828775
64650000,52.27406412183589
64675000,52.12928225011087
64700000,49.92881268521687
64725000,46.30440804413805
64750000,41.97410219882095
64775000,37.67929996239979
64800000,34.12287778825666
64825000,31.912928756782474
64850000,31.515653938362398
64875000,33.21981660209165
64900000,37.11430412939947
64925000,43.07972325864766
64950000,50.794511731421146
64975000,59.75563406423389
65000000,69.3133711500776
65025000,78.71888082074351
65050000,87.1820610571911
65075000,93.9358852157619
65100000,98.30203870003095
65125000,99.7517121135033
65150000,97.9551512936338
65175000,92.81426502802056
65200000,84.47423856039619
65225000,73.31241441094475
65250000,59.905360918863124
65275000,44.9780209993559
65300000,29.341681021727823
65325000,13.828579418874384
65350000,-0.7703676898316532
65375000,-13.760497938942658
65400000,-24.58860320434982
65425000,-32.877164116618204
65450000,-38.44692295922305
65475000,-41.32717165165175
65500000,-41.75297441228923
65525000,-40.14846263708215
65550000,-37.09563718343794
65575000,-33.28901198886957
65600000,-29.477982144668232
65625000,-26.400806379186115
65650000,-24.716113760359484
65675000,-24.939271885272642
65700000,-27.39121712587518
65725000,-32.16614547470149
65750000,-39.12193239875037
65775000,-47.89386392547396
65800000,-57.92903041636546
65825000,-68.53630990142679
65850000,-78.94568099063622
65875000,-88.37066633063732
65900000,-96.06867925072254
65925000,-101.39542676239776
65950000,-103.85083564112513
65975000,-103.11489144738998
66000000,-99.07217908098824
66025000,-91.82381777161453
66050000,-81.68512300016899
66075000,-69.16737514726887
66100000,-54.943415288966264
66125000,-39.79901746893343
66150000,-24.573599568471888
66175000,-10.094698451841392
66200000,2.8885213153218423
66225000,13.7666870403043
66250000,22.120339663403044
66275000,27.753268197329803
66300000,30.70527276744678
66325000,31.24300200079215
66350000,29.83020095119449
66375000,27.08111267642025
66400000,23.70244561483736
66425000,20.43001831366238
66450000,17.96595805286224
66475000,16.921411123809975
66500000,17.768473465275612
66525000,20.80380595758494
66550000,26.125386887590196
66575000,33.62315808408105
66600000,42.983887453843906
66625000,53.71024781623093
66650000,65.15370614873645
66675000,76.56015422393057
66700000,87.12619860793062
66725000,96.06270738339468
66750000,102.66078630222971
66775000,106.35417048429501
66800000,106.77145925239654
66825000,103.77197603262951
66850000,97.46036470271099
66875000,88.17735343536228
66900000,76.46762203605496
66925000,63.02973525869381
66950000,48.65550345207366
66975000,34.16597134446627
67000000,20.3497320554511
67025000,7.907565792518443
67050000,-2.594051965300905
67075000,-10.759048054595883
67100000,-16.38644953104741
67125000,-19.482782701089477
67150000,-20.261185481096863
67175000,-19.126250283002005
67200000,-16.643998798731875
67225000,-13.497353702500764
67250000,-10.429046025096246
67275000,-8.175879345292001
67300000,-7.400228520567137
67325000,-8.626007959150556
67350000,-12.186575334060617
67375000,-18.190876465637658
67400000,-26.51172857114929
67425000,-36.797019375104256
67450000,-48.50151781994619
67475000,-60.93463880524581
67500000,-73.31828138910456
67525000,-84.8487894390968
67550000,-94.75787253823249
67575000,-102.36852366346042
67600000,-107.14313906891401
67625000,-108.72185624759881
67650000,-106.94939024685596
67675000,-101.88844164954453
67700000,-93.81776568029088
67725000,-83.21413389340778
67750000,-70.71914923286259
67775000,-57.09292896561178
67800000,-43.15727749957706
67825000,-29.731893231440807
67850000,-17.56838391728339
67875000,-7.287958358281711
67900000,0.6708482775630793
67925000,6.088517398410358
67950000,8.980586974512256
67975000,9.591430856939827
68000000,8.366660505295767
68025000,5.907696375797623
68050000,2.913993126742658
68075000,0.11929084835476166
68100000,-1.7719092404417234
68125000,-2.1424258339766653
68150000,-0.5112021990122357
68175000,3.429604245273606
68200000,9.790565634913618
68225000,18.474548832817902
68250000,29.18010573264609
68275000,41.41868867293528
68300000,54.54544332708018
68325000,67.80282205652973
68350000,80.3753477557431
68375000,91.45253978379773
68400000,100.29546747486793
68425000,106.30096171265895
68450000,109.05658184382357
68475000,108.37933366787705
68500000,104.33233175261824
68525000,97.21678417789639
68550000,87.54123937679758
68575000,75.97355062726528
68600000,63.28226727792873
68625000,50.273880834940556
68650000,37.73133379428042
68675000,26.357873941306217
68700000,16.729060795400454
68725000,9.254771816872053
68750000,4.152519311090826
68775000,1.4332101947792295
68800000,0.9004667951269139
68825000,2.164516846064933
68850000,4.671197116749875
68875000,7.745621202791606
68900000,10.648520022928325
68925000,12.641367605897427
68950000,13.054556752044942
68975000,11.351610494146078
69000000,7.1821809606175755
69025000,0.4176369089695095
69050000,-8.834746538699186
69075000,-20.240079923752162
69100000,-33.264792516964434
69125000,-47.22204937077457
69150000,-61.328176713596676
69175000,-74.76435793908396
69200000,-86.7384275785381
69225000,-96.54258984331011
69250000,-103.60388473230884
69275000,-107.52482032193177
69300000,-108.11167879021465
69325000,-105.38827013707238
69350000,-99.59415184685398
69375000,-91.16778420345325
69400000,-80.71568025997789
69425000,-68.96881031208545
69450000,-56.728124418744414
69475000,-44.80220202525688
69500000,-33.941478127960714
69525000,-24.774832366890088
69550000,-17.755093906319058
69575000,-13.11979690716713
69600000,-10.87211967520051
69625000,-10.784492309236086
69650000,-12.424339347377412
69675000,-15.19851159041463
69700000,-18.410799605887103
69725000,-21.325905613681364
69750000,-23.23341869846346
69775000,-23.506409643294294
69800000,-21.650781094251794
69825000,-17.343020636549518
69850000,-10.455184546051168
69875000,-1.0666549726078942
69900000,10.53748663715547
69925000,23.8815555671309
69950000,38.32781465079148
69975000,53.11807901230063
70000000,67.42711997735474
70025000,80.42525598707624
70050000,91.34580322038656
70075000,99.55126607709252
70100000,104.59066256499392
70125000,106.2400479983834
70150000,104.52040386400313
70175000,99.69127389920386
70200000,92.2225057625943
70225000,82.74888535840388
70250000,72.01356494495471
70275000,60.806303231987826
70300000,49.90188102672803
70325000,40.00296549475262
70350000,31.690543399648234
70375000,25.38410950491952
70400000,21.31320387138879
70425000,19.501605423074324
70450000,19.765350729219293
70475000,21.72553111380641
70500000,24.836301178886362
70525000,28.42755133639659
70550000,31.760239299520215
70575000,34.09061007302381
70600000,34.73781260199474
70625000,33.14820340737109
70650000,28.949340355380592
70675000,21.98754585556455
70700000,12.344882747427501
70725000,0.3340501654978215
70750000,-13.527509977561003
70775000,-28.56068243138342
70800000,-43.97984475127667
70825000,-58.954558134319896
70850000,-72.67253063052205
70875000,-84.39934826981451
70900000,-93.53112381368848
70925000,-99.63653270931431
70950000,-102.48537365383356
70975000,-102.06239386283465
71000000,-98.5665820994956
71025000,-92.39651865697472
71050000,-84.1222611063015
71075000,-74.44440853020868
71100000,-64.1417053614215
71125000,-54.009808874292546
71150000,-44.7954520489047
71175000,-37.13179769475863
71200000,-31.481786167941006
71225000,-28.096241343049506
71250000,-26.99215766449414
71275000,-27.954064054811862
71300000,-30.55816130837781
71325000,-34.21581007254623
71350000,-38.230629892105696
71375000,-41.86239747502884
71400000,-44.39114086127998
71425000,-45.17599495253111
71450000,-43.70500473421936
71475000,-39.63363662301369
71500000,-32.81094002607288
71525000,-23.292956962361192
71550000,-11.34317299851496
71575000,2.5802519142350855
71600000,17.85075329393396
71625000,33.7131107425873
71650000,49.335818207056086
71675000,63.873767241107295
71700000,76.53689176018874
71725000,86.65800510330848
71750000,93.7513062944148
71775000,97.55370135753445
71800000,98.04418600214488
71825000,95.44009737304684
71850000,90.1719691098433
71875000,82.8409443000586
71900000,74.16409255409309
71925000,64.9134254576617
71950000,55.85402875988747
71975000,47.68583630037996
72000000,40.99251168539746
72025000,36.19995936500783
72050000,33.546303718972204
72075000,33.064755628359
72100000,34.580515260132564
72125000,37.72255115861271
72150000,41.950551470099555
72175000,46.5964189491582
72200000,50.91834857503081
72225000,54.16391521429099
72250000,55.63700027842431
72275000,54.762197798551824
72300000,51.13995157959721
72325000,44.58632992007584
72350000,35.15303108319805
72375000,23.12563801038108
72400000,9.000808768608234
72425000,-6.5545433621988405
72450000,-22.757382620689214
72475000,-38.770554837106104
72500000,-53.767212742782704
72525000,-66.99244758616005
72550000,-77.8171600033191
72575000,-85.78021175568983
72600000,-90.61696249329245
72625000,-92.27401147150876
72650000,-90.91046252158925
72675000,-86.88586057618745
72700000,-80.734791444318
72725000,-73.12835526823513
72750000,-64.82350217194357
72775000,-56.60258445610765
72800000,-49.207249119023324
72825000,-43.272554224135035
72850000,-39.268377090415
72875000,-37.45524967590697
72900000,-37.86041382967492
72925000,-40.27726347483951
72950000,-44.28799335853031
72975000,-49.30602095949808
73000000,-54.63236176278384
73025000,-59.519072085375925
73050000,-63.233140646194535
73075000,-65.11544783526068
73100000,-64.63107452294697
73125000,-61.40881162530187
73150000,-55.26885122643761
73175000,-46.23820879077928
73200000,-34.55351738677532
73225000,-20.650677706368793
73250000,-5.140743670395278
73275000,11.22832465438744
73300000,27.62353435407601
73325000,43.19008351043553
73350000,57.12091475833592
73375000,68.7249149736863
73400000,77.48546762337436
73425000,83.10269182002749
73450000,85.5151206158662
73475000,84.89913866425191
73500000,81.64712581682957
73525000,76.32759243475864
73550000,69.6322293916635
73575000,62.31552666904114
73600000,55.13249799031613
73625000,48.779333111733486
73650000,43.84080478692518
73675000,40.74726925325803
73700000,39.74329697748099
73725000,40.86940363244346
73750000,43.9579518125676
73775000,48.643914462438474
73800000,54.39065693942083
73825000,60.530063457633545
73850000,66.31515237487963
73875000,70.98187417578905
73900000,73.81529368797749
73925000,74.21416371530633
73950000,71.74736574566523
73975000,66.1960945140736
74000000,57.5770602174544
74025000,46.144178468845894
74050000,32.36879297797679
74075000,16.90090431264358
74100000,0.5157128201829712
74125000,-15.949096906773972
74150000,-31.659189708202017
74175000,-45.84608277456846
74200000,-57.860907415778364
74225000,-67.21640648708201
74250000,-73.61620869482893
74275000,-76.97128958259643
74300000,-77.40359295176142
74325000,-75.23657143053951
74350000,-70.97227725797725
74375000,-65.25488870525625
74400000,-58.82140157568248
74425000,-52.44168979179315
74450000,-46.85204787833596
74475000,-42.68822658633119
74500000,-40.425256703103756
74525000,-40.33145504966099
74550000,-42.44262557324103
74575000,-46.55976223176346
74600000,-52.27013429405625
74625000,-58.98834169710161
74650000,-66.01155097031503
74675000,-72.58209665569757
74700000,-77.95093928373943
74725000,-81.43671842997274
74750000,-82.47677084837423
74775000,-80.66798576745717
74800000,-75.79641087315656
74825000,-67.85499854436479
74850000,-57.04888760477729
74875000,-43.787382841782154
74900000,-28.66162450349158
74925000,-12.40719977113876
74950000,4.147829733451048
74975000,20.146443481682777
75000000,34.77176648915677
75025000,47.3144382752866
75050000,57.23121622331136
75075000,64.18876977866141
75100000,68.08815391511651
75125000,69.06764094983993
75150000,67.484161536921
75175000,63.87605462674332
75200000,58.911690509502364
75225000,53.32954309783597
75250000,47.875422801472624
75275000,43.24202098380066
75300000,40.014954880376166
75325000,38.628437831873185
75350000,39.3327562693754
75375000,42.175014964489115
75400000,46.99409692072158
75425000,53.43036168811619
75450000,60.95011619841695
75475000,68.88418364825222
75500000,76.47888131718172
75525000,82.95642346814617
75550000,87.58035556960024
75575000,89.72039118155584
75600000,88.91031479037248
75625000,84.89273972443873
75650000,77.6456132263322
75675000,67.38733390186778
75700000,54.559825642298655
75725000,39.791401975127584
75750000,23.843459225861018
75775000,7.547037304116878
75800000,-8.263344592229636
75825000,-22.81172804783625
75850000,-35.43410461069163
75875000,-45.6209189462519
75900000,-53.04778746335176
75925000,-57.59405574932126
75950000,-59.3488357721401
75975000,-58.603969297326636
76000000,-55.83327112985747
76025000,-51.657716648346934
76050000,-46.7971635984036
76075000,-42.01076949133861
76100000,-38.030266816560534
76125000,-35.4922205486962
76150000,-34.876696270787996
76175000,-36.459845368712124
76200000,-40.28649429166172
76225000,-46.16609532590463
76250000,-53.691984640119195
76275000,-62.28065064382615
76300000,-71.22539878688302
76325000,-79.75780877442146
76350000,-87.11067266557332
76375000,-92.5772842105812
76400000,-95.5634801128007
76425000,-95.63022409907597
76450000,-92.52546488732044
76475000,-86.20439388371862
76500000,-76.83716338197691
76525000,-64.80281428316435
76550000,-50.6679851883407
76575000,-35.14965543710883
76600000,-19.063302642988802
76625000,-3.260479146100766
76650000,11.438665065593234
76675000,24.311842720224693
76700000,34.79376729920864
76725000,42.52192539324921
76750000,47.36406638286339
76775000,49.4244813240307
76800000,49.02866641561557
76825000,46.68852962338172
76850000,43.05240496764704
76875000,38.845436845615126
76900000,34.80626955696575
76925000,31.625542232175125
76950000,29.890723467199756
76975000,30.04064959491601
77000000,32.33203086726148
77025000,36.81932177160445
77050000,43.348743894157586
77075000,51.56681752921952
77100000,60.943346210546444
77125000,70.80823505029274
77150000,80.40068063621716
77175000,88.9281167815701
77200000,95.6309435064218
77225000,99.84775645657795
77250000,101.07488030505058
77275000,99.0138435715314
77300000,93.6012306614917
77325000,85.0170700158836
77350000,73.67028240732911
77375000,60.16251108456707
77400000,45.234870305455416
77425000,29.70486467839008
77450000,14.401191496325874
77475000,0.10243971725224754
77500000,-12.516460912110924
77525000,-22.92785432220314
77550000,-30.78388653501913
77575000,-35.937260282114885
77600000,-38.44955999147721
77625000,-38.586340170048096
77650000,-36.79814264912682
77675000,-33.686998233882626
77700000,-29.958972917630252
77725000,-26.364951172348288
77750000,-23.633876199150894
77775000,-22.40461570819841
77800000,-23.163884698377885
77825000,-26.197697075632618
77850000,-31.562399348711097
77875000,-39.07866953604468
77900000,-48.34855988433454
77925000,-58.792534061822465
77950000,-69.70120508351715
77975000,-80.29548591955007
78000000,-89.78907307443232
78025000,-97.44822687885029
78050000,-102.64518937784784
78075000,-104.90283777209777
78100000,-103.92901318321435
78125000,-99.6392770924341
78150000,-92.16667933449794
78175000,-81.85679410831837
78200000,-69.2466338539809
78225000,-55.02774282344483
78250000,-39.99583786133445
78275000,-24.99058377512892
78300000,-10.8298796220377
78325000,1.756046764245265
78350000,12.184670590214692
78375000,20.069151252842794
78400000,25.248926440404038
78425000,27.799387242543645
78450000,28.01959997551064
78475000,26.39974759955435
78500000,23.57232901896647
78525000,20.25273295570665
78550000,17.175385270150596
78575000,15.03131759472658
78600000,14.411995319400594
78625000,15.76294090793211
78650000,19.34942981076567
78675000,25.23553957321562
78700000,33.27716682939079
78725000,43.12922335368658
78750000,54.2669183211029
78775000,66.02062946478237
78800000,77.62318725074525
78825000,88.26735888995061
78850000,97.16997946973387
78875000,103.63775657412343
78900000,107.12862794627718
78925000,107.30206651634293
78950000,104.05216374931175
78975000,97.51875104148742
79000000,88.07439552241158
79025000,76.28898872230955
79050000,62.87757725319708
79075000,48.63887085373882
79100000,34.39132639665293
79125000,20.9121973989618
79150000,8.883324118730748
79175000,-1.1539359899248578
79200000,-8.833181934451602
79225000,-13.98585039905196
79250000,-16.651587242345844
79275000,-17.075120283842853
79300000,-15.688709542271662
79325000,-13.079725743119795
79350000,-9.943967104697105
79375000,-7.026964369090518
79400000,-5.057508475509819
79425000,-4.679508015648421
79450000,-6.389476238440645
79475000,-10.486969915171182
79500000,-17.04394993056819
79525000,-25.89650844727216
79550000,-36.659281094298294
79575000,-48.75987794473444
79600000,-61.48847328055054
79625000,-74.05663697028692
79650000,-85.65954451585868
79675000,-95.53655157307074
79700000,-103.02631405060205
79725000,-107.6137520554899
79750000,-108.96687744296636
79775000,-106.96166202226921
79800000,-101.69292503389492
79825000,-93.46955478247281
79850000,-82.79383329655144
79875000,-70.32615589483711
79900000,-56.83716415377646
79925000,-43.149897166832666
79950000,-30.075585187112576
79975000,-18.347979640137
80000000,-8.562176824327363
80025000,-1.1242992250314323
80050000,3.7821801527693664
80075000,6.209340811876066
80100000,6.435331577237226
80125000,4.933771140785239
80150000,2.325932415954433
80175000,-0.6785557078122747
80200000,-3.346011194766156
80225000,-4.981846839021033
80250000,-4.987495297052911
80275000,-2.9074883721100337
80300000,1.5355310182173212
80325000,8.41899763406834
80350000,17.612267650142837
80375000,28.782235268651593
80400000,41.412665922419876
80425000,54.83694397583792
80450000,68.28339754048031
80475000,80.93140596909741
80500000,91.97513324583912
80525000,100.69016250304539
80550000,106.4968827754148
80575000,109.01357778662094
80600000,108.09215701921386
80625000,103.83101848131727
80650000,96.56323758490538
80675000,86.82282721975419
80700000,75.2947926662941
80725000,62.75559795165039
80750000,50.010294825757406
80775000,37.83153893845975
80800000,26.904412299603468
80825000,17.779740616254262
80850000,10.837690758085934
80875000,6.262940318390907
80900000,4.03254617908339
80925000,3.917600978366129
80950000,5.499597110985317
80975000,8.201873099995675
81000000,11.335444044609297
81025000,14.15692842091504
81050000,15.934399956243922
81075000,16.015232273937684
81100000,13.88887827269908
81125000,9.237476447835338
81150000,1.9683916304562339
81175000,-7.774891421849495
81200000,-19.624194484476337
81225000,-33.01822026068266
81250000,-47.24991770910504
81275000,-61.52410083395227
81300000,-75.01962840271862
81325000,-86.95107308850592
81350000,-96.62580590262631
81375000,-103.49334884733507
81400000,-107.18432106376338
81425000,-107.53640007284724
81450000,-104.60533171313055
81475000,-98.66052371441604
81500000,-90.16595420507161
81525000,-79.7474272488017
81550000,-68.14740344155841
81575000,-56.169337465972355
81600000,-44.61467565157586
81625000,-34.21713622457284
81650000,-25.580205505667397
81675000,-19.12446065688592
81700000,-15.050969351191542
81725000,-13.325452542411197
81750000,-13.68531384455363
81775000,-15.668560335891941
81800000,-18.660764495099226
81825000,-21.954180098038048
81850000,-24.812282246689815
81875000,-26.533340071658017
81900000,-26.50782595010804
81925000,-24.266040919905986
81950000,-19.513839532423972
81975000,-12.155464742875198
82000000,-2.3031485105543537
82025000,9.726627299295984
82050000,23.4302769244033
82075000,38.14762626827066
82100000,53.10533366964071
82125000,67.47183262551869
82150000,80.4209867748981
82175000,91.1998716112492
82200000,99.19424524529283
82225000,103.9838106598579
82250000,105.37943738992631
82275000,103.43724262217536
82300000,98.44873205682505
82325000,90.90976756832389
82350000,81.47326484349827
82375000,70.8915212950679
82400000,59.954118535707515
82425000,49.42664370509996
82450000,39.994377301995996
82475000,32.21396728013043
82500000,26.47521082003493
82525000,22.974499557371384
82550000,21.701201276221127
82575000,22.438086967017437
82600000,24.77664433817324
82625000,28.147532651779095
82650000,31.865392749001
82675000,35.185737623464206
82700000,37.3699034850375
82725000,37.752400551059175
82750000,35.80391778193149
82775000,31.183105681553982
82800000,23.771279130772218
82825000,13.68623512633072
82850000,1.2740597722309301
82875000,-12.919472547719014
82900000,-28.194083056723727
82925000,-43.75157905799742
82950000,-58.758278239034226
82975000,-72.40806412675778
83000000,-83.98158068241383
83025000,-92.89760677127802
83050000,-98.7530114193289
83075000,-101.34874958339148
83100000,-100.70116115130612
83125000,-97.03900352617849
83150000,-90.78676617839517
83175000,-82.53468747442811
83200000,-72.99613872219696
83225000,-62.953848070165336
83250000,-53.19777500841066
83275000,-44.45909207649463
83300000,-37.346268971853526
83325000,-32.290156838039444
83350000,-29.504762621550213
83375000,-28.96886712942721
83400000,-30.43095565789704
83425000,-33.43666545980251
83450000,-37.37488663489975
83475000,-41.53648808766133
83500000,-45.17876785000968
83525000,-47.589121657060936
83550000,-48.14271680792292
83575000,-46.35062278029131
83600000,-41.89639622613452
83625000,-34.660227532187456
83650000,-24.730328330081868
83675000,-12.401368240522702
83700000,1.8403155023288333
83725000,17.345016108124224
83750000,33.34138461762449
83775000,48.99058711359665
83800000,63.450325267912866
83825000,75.94394695869286
83850000,85.8273786339524
83875000,92.64525174754657
83900000,96.16893251981892
83925000,96.41241227645898
83950000,93.62531225397159
83975000,88.26500090797244
84000000,80.95195022163105
84025000,72.41375558126757
84050000,63.42360239041544
84075000,54.73852662356593
84100000,47.04189930598412
84125000,40.89350955673227
84150000,36.68969216908572
84175000,34.6352749905315
84200000,34.72869992719112
84225000,36.76137863741666
84250000,40.331995616215266
84275000,44.87587864707459
84300000,49.708590031514355
84325000,54.081540505200316
84350000,57.24583692029903
84375000,58.51904351409577
84400000,57.34845638305306
84425000,53.36423194011787
84450000,46.416487657124094
84475000,36.592266676728606
84500000,24.210714653575103
84525000,9.797458394866652
84550000,-5.9585298529676045
84575000,-22.260751617967006
84600000,-38.26818949842834
84625000,-53.159984282864905
84650000,-66.19638867405656
84675000,-76.77096251851323
84700000,-84.45043862028753
84725000,-89.00090598634687
84750000,-90.40036201005123
84775000,-88.837929818618
84800000,-84.69982005765817
84825000,-78.54200299825621
84850000,-71.04985237370617
84875000,-62.985893885906705
84900000,-55.12824279987902
84925000,-48.20412697565092
84950000,-42.824617320847686
84975000,-39.42774673384175
85000000,-38.23706763232092
85025000,-39.24113700468287
85050000,-42.19662492536624
85075000,-46.65433845763415
85100000,-52.004274431235224
85125000,-57.53360553057774
85150000,-62.49065516877206
85175000,-66.14837206900954
85200000,-67.86216628786805
85225000,-67.11865604064046
85250000,-63.57339720516877
85275000,-57.07671139047204
85300000,-47.687208091463134
85325000,-35.67262360429847
85350000,-21.497420164481674
85375000,-5.796509842982614
85400000,10.665209095587423
85425000,27.046800077264596
85450000,42.495991913066014
85475000,56.218987108229584
85500000,67.54742665041867
85525000,75.99458189585229
85550000,81.29462348110717
85575000,83.42109271485666
85600000,82.58320312986632
85625000,79.2012014244312
85650000,73.86429545320405
85675000,67.27620441508579
85700000,60.19402738128405
85725000,53.365939759722394
85750000,47.472468434183725
85775000,43.075082757211156
85800000,40.57484658767779
85825000,40.183075140305625
85850000,41.905369805681936
85875000,45.539990936382445
85900000,50.691125002377866
85925000,56.79703864678317
85950000,63.17225451378372
85975000,69.06169109813362
86000000,73.70327355368616
86025000,76.39407922132584
86050000,76.55396951476436
86075000,73.78023308307695
86100000,67.88727480388899
86125000,58.92687180984174
86150000,47.18676461604075
86175000,33.16792510546151
86200000,17.543219327890117
86225000,1.1019532244997832
86250000,-15.314063970373189
86275000,-30.876484059162557
86300000,-44.831852655864665
86325000,-56.553517809536004
86350000,-65.58154557772521
86375000,-71.64994820255325
