time,signal
0.0,8.438859778841191
0.1,0.9909734416208908
0.2,-3.0045969193520685
0.30000000000000004,5.558490046557472
0.4,4.669244811173137
0.5,-1.581229698205911
0.6000000000000001,3.3761038568616852
0.7000000000000001,1.6121056410746202
0.8,4.6516041223964715
0.9,11.308365827664247
1.0,12.001841567447897
1.1,11.633259669916342
1.2000000000000002,15.495676230020624
1.3,8.164339871026407
1.4000000000000001,6.8046299204291545
1.5,14.82872085012481
1.6,4.065476853293321
1.7000000000000002,5.941804373945862
1.8,16.100502686737304
1.9000000000000001,10.717718842162242
2.0,6.475436456975657
2.1,14.342019745982935
2.2,6.230008127432898
2.3000000000000003,4.952851637742213
2.4000000000000004,12.832011832766092
2.5,7.498719673353272
2.6,2.3051501461771764
2.7,5.403457167198319
2.8000000000000003,5.500586141064357
2.9000000000000004,6.2392212316121745
3.0,11.095482535201906
3.1,6.110624368480799
3.2,3.093737429914035
3.3000000000000003,15.19391273761107
3.4000000000000004,3.0264744541112467
3.5,1.4617081181144052
3.6,6.00918142810869
3.7,-0.9991293576385917
3.8000000000000003,1.632348363834501
3.9000000000000004,10.47626678124534
4.0,-0.10285544396547319
4.1000000000000005,-0.6024574410520569
4.2,5.808147039808978
4.3,-4.189005981696397
4.4,-2.6792993112790615
4.5,-1.4184850257661892
4.6000000000000005,-2.591494460902455
4.7,-7.529923070996573
4.800000000000001,3.061572394372817
4.9,-8.575882931526765
5.0,-2.4920177311869582
5.1000000000000005,4.428789389170935
5.2,-0.876000946458785
5.300000000000001,-1.275714071814519
5.4,3.975897787214008
5.5,-1.7666197421299172
5.6000000000000005,-1.9060142304493501
5.7,5.9516166202002925
5.800000000000001,-2.435556047164697
5.9,-7.11228773387409
6.0,-0.41984090210461744
6.1000000000000005,-7.1220866389448645
6.2,-4.065262910926264
6.300000000000001,-1.0599628321210877
6.4,-7.638733007073494
6.5,-4.658906633565889
6.6000000000000005,-1.9660721571979511
6.7,-10.191087109481114
6.800000000000001,-6.170793926537835
6.9,1.2026344325741807
7.0,-6.362099936291874
7.1000000000000005,-7.768718082883509
7.2,-3.838051928831681
7.300000000000001,-15.328485035680899
7.4,-11.752337433604493
7.5,-4.216827303413558
7.6000000000000005,-12.630241686315042
7.7,-9.330974091979536
7.800000000000001,-6.042612876734758
7.9,-7.467124235099286
8.0,-6.845160724376445
8.1,-5.531293969666745
8.200000000000001,-11.146262327674766
8.3,-11.731922928551628
8.4,-9.063694077197077
8.5,-13.19959078708992
8.6,-14.89030135327068
8.700000000000001,-2.637331280493118
8.8,-11.301059740607744
8.9,-1.5202277135807518
9.0,1.71314614240909
9.1,-10.3678296687558
9.200000000000001,-8.285182668337901
9.3,3.4786029654717643
9.4,-9.081332422607373
9.5,-4.351880575506074
9.600000000000001,-0.3783925769084151
9.700000000000001,-8.005690395831973
9.8,-5.952119082400413
9.9,2.3805621211427765
10.0,-2.3194806460217676
10.100000000000001,2.6621566328479878
10.200000000000001,9.927429405678579
10.3,8.729539205052468
10.4,-1.3179554615729172
10.5,6.959192567358214
10.600000000000001,2.712071661394296
10.700000000000001,5.547077293459683
10.8,13.308714650591387
10.9,12.012668232824415
11.0,4.490227749390646
11.100000000000001,15.770359054530632
11.200000000000001,10.179099373627894
11.3,7.789000911132647
11.4,6.636747880511683
11.5,6.067517834820933
11.600000000000001,1.1058096841643046
11.700000000000001,11.736175685688185
11.8,10.5116439065284
11.9,11.028652999495456
12.0,16.1675054247959
12.100000000000001,7.938832604433781
12.200000000000001,8.186824364258792
12.3,16.385491531067792
12.4,9.800765561713122
12.5,4.357942343888348
12.600000000000001,12.6372741894127
12.700000000000001,4.4253338806970035
12.8,-0.6195436226891684
12.9,15.190083622058753
13.0,4.786436346906955
13.100000000000001,13.096889658748069
13.200000000000001,5.90901583348745
13.3,5.782348879121896
13.4,0.9374205218575002
13.5,14.170374607791501
13.600000000000001,1.6020273762678685
13.700000000000001,-1.5481424720639696
13.8,12.555500519137624
13.9,5.860130472937701
14.0,4.800621061644628
14.100000000000001,7.322976491873419
14.200000000000001,-2.741203369328746
14.3,-1.076841862604368
14.4,2.095132878456414
14.5,-0.25728389298005294
14.600000000000001,-5.624054805432916
14.700000000000001,-3.8856100613543707
14.8,2.445399965119382
14.9,5.806828776895319
15.0,7.7703531764726375
15.100000000000001,-6.063589372655459
15.200000000000001,3.19895949217109
15.3,5.0289773012060355
15.4,-6.989337568227699
15.5,-6.382365503523596
15.600000000000001,5.642721938795773
15.700000000000001,-5.739774177227952
15.8,-1.0450417397118508
15.9,6.793323196518901
16.0,-1.7097103861934961
16.1,-0.06204094511680491
16.2,-1.8681264086764555
16.3,-3.3377996462034356
16.400000000000002,-10.241153529066919
16.5,-2.9510952303731903
16.6,-8.786542729979788
16.7,-9.801362676131557
16.8,-1.1229473413937217
16.900000000000002,-8.106684109120803
17.0,-2.767434231914239
17.1,0.03379068619554104
17.2,-11.535730695040625
17.3,-5.379289373243093
17.400000000000002,-4.003515678339188
17.5,-10.655313775616557
17.6,-13.004513456236278
17.7,-0.026325887620945565
17.8,-11.933109210036909
17.900000000000002,-7.361667927712009
18.0,-9.458322035693708
18.1,-9.83496787718449
18.2,-13.103828023280602
18.3,-3.762385826262856
18.400000000000002,-17.852619452677843
18.5,-14.363749304558935
18.6,-3.6226805755973723
18.7,-18.605982592110696
18.8,-12.540055977180188
18.900000000000002,-4.821106199358988
19.0,-7.9714840167319725
19.1,-6.998169780162334
19.200000000000003,-3.1669009484054733
19.3,-11.096728183223526
19.400000000000002,-4.139007838638704
19.5,3.1021194902276967
19.6,-3.497468586469211
19.700000000000003,-2.5660892650863047
19.8,2.4665094594136243
19.900000000000002,-1.5639078526548202
20.0,-3.705162765243021
20.1,6.059418272974065
20.200000000000003,3.2784908669283253
20.3,-4.56710749649573
20.400000000000002,5.451252568436779
20.5,2.294575417918346
20.6,1.1570153992100214
20.700000000000003,3.1411209137271365
20.8,9.066377802398664
20.900000000000002,3.0684674601283355
21.0,9.305922790744496
21.1,7.974434368710245
21.200000000000003,3.4421990242856495
21.3,7.537496254553506
21.400000000000002,5.171480613331994
21.5,7.854264304479132
21.6,15.99300039835764
21.700000000000003,3.500496719052698
21.8,8.966413610406105
21.900000000000002,10.786036594717938
22.0,9.81810701169949
22.1,10.237877454965126
22.200000000000003,7.790694460725772
22.3,5.994457955690189
22.400000000000002,-0.5831081773628575
22.5,7.468275937625861
22.6,3.4467465925903924
22.700000000000003,9.38561463603134
22.8,3.9161882446068437
22.900000000000002,12.419136576349624
23.0,8.628440985089169
23.1,11.208626306522461
23.200000000000003,-0.05415615476861335
23.3,6.1883763869369846
23.400000000000002,1.8514683167242052
23.5,-2.2790600334276103
23.6,2.553262198134251
23.700000000000003,5.95804926826086
23.8,-1.4921415633229633
23.900000000000002,3.208934654189898
24.0,10.468528892084784
24.1,1.7402644741190914
24.200000000000003,-2.835312499120007
24.3,0.32734899177867716
24.400000000000002,-4.443454028909779
24.5,-4.524506995820795
24.6,4.455361585536631
24.700000000000003,1.0609393801777538
24.8,0.9270272733805895
24.900000000000002,4.840366842518369
25.0,-0.02289992716915945
25.1,-8.165927392158212
25.200000000000003,2.0425362541961807
25.3,-6.439165871682649
25.400000000000002,-3.575926746940373
25.5,1.9456952275657389
25.6,-5.920038186749086
25.700000000000003,-0.6947919300799774
25.8,0.25464873616222494
25.900000000000002,2.5726446840647563
26.0,-2.8721905010837894
26.1,-0.6282730044268199
26.200000000000003,-5.014286347831635
26.3,-8.185199080730428
26.400000000000002,-1.6317302027719007
26.5,-4.018457574746967
26.6,-3.708434242269983
26.700000000000003,1.0162039134434213
26.8,-10.191966578671556
26.900000000000002,-6.119356524267122
27.0,1.8074307717363962
27.1,-6.75887227466613
27.200000000000003,-11.801243099975828
27.3,-9.282812291866714
27.400000000000002,-12.116368524112104
27.5,-8.90854639843801
27.6,-9.26548817407814
27.700000000000003,-11.92502214508362
27.8,-14.453457883294313
27.900000000000002,-1.7104795855399622
28.0,-8.20638006543583
28.1,-7.848724234256679
28.200000000000003,-2.7735468244754324
28.3,-11.158326010990496
28.400000000000002,-14.066723489314105
28.5,-7.473546368168219
28.6,-11.9904518776355
28.700000000000003,-13.90460077351575
28.8,-7.9933029085673395
28.900000000000002,-3.7402493731445516
29.0,-5.656879347689957
29.1,-0.8880442290031016
29.200000000000003,-5.211490503148222
29.3,-8.7532007350102
29.400000000000002,-6.965124178383009
29.5,-4.925149460741439
29.6,-4.175545837430579
29.700000000000003,5.427183410835933
29.8,-3.8765521146239683
29.900000000000002,-2.683500428743252
30.0,4.158923234776671
30.1,1.587035953318051
30.200000000000003,2.2371338349763943
30.3,6.549659166962703
30.400000000000002,-2.4375927924730503
30.5,5.3828744973793565
30.6,7.308525197598808
30.700000000000003,1.2059491933375677
30.8,6.505384476448464
30.900000000000002,9.940111126639007
31.0,8.31211101976615
31.1,12.128562078451209
31.200000000000003,13.210155081914932
31.3,8.09868921566106
31.400000000000002,6.535795699354553
31.5,16.66618926713582
31.6,4.387618210768446
31.700000000000003,4.912565000432473
31.8,15.626996785850983
31.900000000000002,1.6233491928386798
32.0,9.11675028175139
32.1,11.9070630006564
32.2,9.931305240982844
32.300000000000004,3.278889699382652
32.4,14.291733420380053
32.5,5.740077796010019
32.6,-0.30263562901801855
32.7,7.337701626305154
32.800000000000004,6.837121301982663
32.9,8.989063380507034
33.0,7.045005326917025
33.1,8.394355814505825
33.2,1.387817028260046
33.300000000000004,6.800093740782312
33.4,3.511258330316723
33.5,1.0377088080336905
33.6,5.441430339799347
33.7,-0.04031325464564661
33.800000000000004,3.277894026718857
33.9,8.148078011307573
34.0,1.115600085756728
34.1,3.645607748585423
34.2,11.625698512054237
34.300000000000004,-2.500570166588141
34.4,1.2177401099962921
34.5,3.7082929399555677
34.6,-6.12595746627866
34.7,-0.8654130345460113
34.800000000000004,3.7579309155857916
34.9,-5.041531284239483
35.0,-0.20282315964957576
35.1,4.263491655774962
35.2,-0.8646531397320896
35.300000000000004,-1.2150085719773376
35.4,2.92846103187677
35.5,-1.4717228531037656
35.6,-11.448934657862205
35.7,-0.22195741700668314
35.800000000000004,-5.1025698039050775
35.9,-3.1999388243544833
36.0,6.1057019512957
36.1,0.4128034264040641
36.2,2.880578121795987
36.300000000000004,1.3810140318416662
36.4,-3.1667353484012444
36.5,-9.128520110282052
36.6,-0.823415427661728
36.7,-3.113844412795593
36.800000000000004,-3.1711048710951464
36.9,-2.4875275316758234
37.0,-3.198224412941617
37.1,-7.985257665646939
37.2,-3.3263157587614796
37.300000000000004,-7.064931998372232
37.4,-9.902664103503994
37.5,-6.974289432721806
37.6,-13.061803053853277
37.7,-12.076256595118192
37.800000000000004,-2.8271073469818786
37.9,-9.608313518924447
38.0,-3.9060702721856693
38.1,-0.02005529247572646
38.2,-9.360218320278667
38.300000000000004,-16.240057705604812
38.400000000000006,-7.618331205608669
38.5,-13.328860494338366
38.6,-9.300471081496953
38.7,0.0090312758140918
38.800000000000004,-13.144667835337165
38.900000000000006,-9.280757052823423
39.0,3.698800017681294
39.1,-1.9036229250593417
39.2,-7.417709562151895
39.300000000000004,-2.163436351005668
39.400000000000006,-10.679109208291205
39.5,-4.585825533107324
39.6,-2.1551770659024134
39.7,-1.4477194149874066
39.800000000000004,-5.970950083870915
39.900000000000006,4.551412196972927
40.0,0.7161344769183362
40.1,2.5310981367302037
40.2,10.775261063339535
40.300000000000004,3.7003973734904454
40.400000000000006,3.4858457576089292
40.5,2.5581595249182136
40.6,2.148888361382677
40.7,5.975014811633838
40.800000000000004,11.421847092696996
40.900000000000006,3.7695200714815362
41.0,9.703120778570012
41.1,9.670143813739807
41.2,8.016781242741137
41.300000000000004,6.23874206905913
41.400000000000006,15.755327910518051
41.5,2.794438683486556
41.6,6.699650820844961
41.7,12.695254784759081
41.800000000000004,5.027223843255269
41.900000000000006,11.927232055851803
42.0,20.170801291168683
42.1,10.29189920523637
42.2,6.022451074933796
42.300000000000004,11.280150584193605
42.400000000000006,1.191594410808234
42.5,6.0715107556212
42.6,6.641112544512759
42.7,2.0229866673463697
42.800000000000004,7.00634507368059
42.900000000000006,6.344160420397624
43.0,4.335765106534991
43.1,1.4138684827523598
43.2,6.2961308753796725
43.300000000000004,5.242754923489367
43.400000000000006,2.6728271413596985
43.5,7.374407782010842
43.6,0.08188730748178452
43.7,2.2332815311637964
43.800000000000004,9.645087404612287
43.900000000000006,1.924337809962804
44.0,4.295169065324499
44.1,7.625750094434913
44.2,-2.249118599264388
44.300000000000004,-6.6651936576584365
44.400000000000006,5.855500145346948
44.5,-6.650902319592493
44.6,-1.909589892603577
44.7,2.6596296605726364
44.800000000000004,-5.164771562646074
44.900000000000006,-3.8995372700065465
45.0,8.125122562908718
45.1,-1.082742720642331
45.2,-1.7353510893542288
45.300000000000004,7.935277548019911
45.400000000000006,-3.75779464859437
45.5,-2.649740502519954
45.6,0.8619282975407216
45.7,-2.5987447354555337
45.800000000000004,-0.436347830311977
45.900000000000006,-1.3418251901356744
46.0,4.347306100375354
46.1,-1.3873090387173752
46.2,4.032935545442279
46.300000000000004,-6.144186859903476
46.400000000000006,-3.399514408009858
46.5,-0.7991133045323675
46.6,-10.205757990309767
46.7,-4.671192233139413
46.800000000000004,-1.249967047851218
46.900000000000006,-3.9100213751393906
47.0,-4.121025371851838
47.1,2.1246970572583628
47.2,-13.442126138035633
47.300000000000004,-7.558711025525395
47.400000000000006,-7.616599480165958
47.5,-8.238622709750897
47.6,-6.793973085615782
47.7,-5.248982281289642
47.800000000000004,-11.154794485044697
47.900000000000006,-9.330071862376833
48.0,2.174439803819645
48.1,-10.852372726774867
48.2,-10.301696913223175
48.300000000000004,-5.280051399721387
48.400000000000006,-11.019161176424328
48.5,-14.123752685842952
48.6,-5.060249588219472
48.7,-13.49180561656328
48.800000000000004,-7.150601402308409
48.900000000000006,-4.336702309129208
49.0,-9.702742669125268
49.1,-5.840978427104534
49.2,-2.015124095404593
49.300000000000004,-11.309228163985026
49.400000000000006,-6.349620275586166
49.5,0.5525570294013598
49.6,-5.41780157792303
49.7,-7.663056437128084
49.800000000000004,-2.2197567927976234
49.900000000000006,2.626613707223191
50.0,1.4388505556139626
50.1,4.7400143328067825
50.2,-1.1970957126761221
50.300000000000004,-1.356656966702885
50.400000000000006,7.628933416981387
50.5,1.200136191943458
50.6,1.3809125950201206
50.7,8.300603793532954
50.800000000000004,3.9610178741494533
50.900000000000006,11.707152427050827
51.0,20.293862859605746
51.1,3.970490411850544
51.2,7.279075420758826
51.300000000000004,11.716773264664518
51.400000000000006,3.1093010313519676
51.5,1.7205013812153949
51.6,12.130637214295566
51.7,6.925998247189023
51.800000000000004,3.2661011183797886
51.900000000000006,12.778589122979032
52.0,8.39474593222048
52.1,13.315304646426412
52.2,14.028929247523582
52.300000000000004,9.619085118609284
52.400000000000006,3.873985277206028
52.5,12.21401840340459
52.6,3.5951880853503604
52.7,3.3375769745526394
52.800000000000004,8.248375608553594
52.900000000000006,3.551964578459337
53.0,5.124705889599595
53.1,8.441675224198107
53.2,4.72338276424816
53.300000000000004,4.3619515230200285
53.400000000000006,11.162212858790895
53.5,1.3975043327028285
53.6,3.136973275322092
53.7,8.39453887024509
53.800000000000004,-1.9575196581310275
53.900000000000006,-1.0935741166912791
54.0,4.684953051212508
54.1,-0.1170338169180063
54.2,1.5819141571925208
54.300000000000004,8.043398555309354
54.400000000000006,-1.663260421311152
54.5,-4.965258985367732
54.6,-1.67252362477665
54.7,-4.3257946910771485
54.800000000000004,-5.366223175985141
54.900000000000006,6.926162504930966
55.0,0.5452632066298857
55.1,1.1863454553846136
55.2,-2.035157543637884
55.300000000000004,0.24026619655642062
55.400000000000006,-12.404448713813565
55.5,4.171905298196635
55.6,-3.8609443331626183
55.7,1.2054003397956987
55.800000000000004,-1.7619288978548022
55.900000000000006,-3.7395760691531206
56.0,-0.08440720338163943
56.1,1.2836430523820481
56.2,-6.117785135403235
56.300000000000004,-6.645975478085124
56.400000000000006,1.796831233176901
56.5,-7.692103665362719
56.6,-5.5794623649182125
56.7,-2.509888181865847
56.800000000000004,-9.211677541015748
56.900000000000006,-0.3107835616546455
57.0,-1.7371290964770472
57.1,-4.627104022229396
57.2,-10.995429478683771
57.300000000000004,-2.390813481728528
57.400000000000006,-12.509406083147521
57.5,-16.965232962895566
57.6,-6.467991380923754
57.7,-11.51453648305936
57.800000000000004,-12.133468147819677
57.900000000000006,-1.1138004107165145
58.0,-15.664601152643508
58.1,-8.755258379143136
58.2,-6.888217789149589
58.300000000000004,-16.968958265381413
58.400000000000006,-11.448815062943574
58.5,-7.1544387164247505
58.6,-11.75700353885103
58.7,-12.862795319112308
58.800000000000004,-8.327004734124017
58.900000000000006,-3.2628865660498994
59.0,-10.61853388039286
59.1,-2.7628146980682455
59.2,-5.940187641922151
59.300000000000004,-9.562932443655736
59.400000000000006,-2.2686417215675614
59.5,-5.9729545432391165
59.6,-7.135339020976555
59.7,0.6710409925680167
59.800000000000004,-4.8567699715114845
59.900000000000006,-0.3269274576073866
60.0,0.7334988983481465
60.1,2.3213298875435178
60.2,-2.8056500016731807
60.300000000000004,-1.118206331114033
60.400000000000006,1.1786378358114966
60.5,-0.5025617486307974
60.6,7.476626463624157
60.7,0.8745852376496028
60.800000000000004,6.423330939815117
60.900000000000006,16.90780902643611
61.0,10.911252120393566
61.1,3.7761799094497093
61.2,13.809572546009031
61.300000000000004,9.35174443378626
61.400000000000006,0.630887454247202
61.5,8.861866721229434
61.6,1.67019656488353
61.7,1.3802293566753825
61.800000000000004,16.268967765878415
61.900000000000006,11.553820528292226
62.0,9.68884883536832
62.1,13.319020631222632
62.2,5.915530200082947
62.300000000000004,7.032491329757143
62.400000000000006,9.148796191965548
62.5,7.092677958780728
62.6,6.910472548877473
62.7,11.07983981595781
62.800000000000004,5.643616966086165
62.900000000000006,12.504452328447405
63.0,19.39811543738879
63.1,7.483772352251334
63.2,0.5972392485766593
63.300000000000004,8.255110272957857
63.400000000000006,-3.9417387521402727
63.5,-1.6214429445041105
63.6,6.847093838390185
63.7,1.7522681115553627
63.800000000000004,2.0174614425632575
63.900000000000006,9.196784383059084
64.0,-1.261922748397986
64.10000000000001,4.454392775683212
64.2,10.068338374780227
64.3,-1.9183569991756229
64.4,-2.2021544777934006
64.5,3.2711404754115017
64.60000000000001,-0.6796676175581289
64.7,-4.313445016114674
64.8,8.682746918565968
64.9,-2.0777270934521725
65.0,0.4994890928111724
65.10000000000001,3.08088882566879
65.2,-0.11998707374843343
65.3,-2.2446447478953355
65.4,4.905632040145101
65.5,-3.1390313827949887
65.60000000000001,-8.273347000994589
65.7,-1.172101173764735
65.8,-6.290987802482027
65.9,-2.7199301029825516
66.0,6.041674197995981
66.10000000000001,-5.081936354182887
66.2,-1.4274589604489276
66.3,3.5685993280301895
66.4,-14.99385466286125
66.5,-6.8002914030435395
66.60000000000001,-5.701678595745608
66.7,-7.176443952552587
66.8,-1.4601520246183208
66.9,-2.681973425544759
67.0,-0.5135603651048586
67.10000000000001,-8.54075287777962
67.2,-4.538014538239548
67.3,-14.134169530025178
67.4,-14.524429033516776
67.5,-5.912114158507533
67.60000000000001,-11.326066178548206
67.7,-9.912486276127598
67.8,-3.677760465956781
67.9,-13.156032768166643
68.0,-3.638627022196444
68.10000000000001,-3.342722954712791
68.2,-13.48128485769039
68.3,-12.198127491097607
68.4,-8.406843312045938
68.5,-13.22358967456351
68.60000000000001,-10.27249720048389
68.7,-10.23365114017782
68.8,-10.940644223019103
68.9,-9.77565558674875
69.0,-2.771592170405426
69.10000000000001,-4.067241070630624
69.2,-7.638011890875905
69.3,-3.8271089789428046
69.4,-8.00317420105122
69.5,-6.42751788119852
69.60000000000001,-1.8514872754009248
69.7,-4.253778919096934
69.8,0.4821667804416039
69.9,5.653173805038732
70.0,1.7864894591034632
70.10000000000001,1.7764887354263945
70.2,3.9170144877689714
70.3,1.5192167286644267
70.4,-5.3823226514102736
70.5,6.0629034352441735
70.60000000000001,-0.14577568717820544
70.7,3.0601699145458134
70.8,12.598619658471854
70.9,7.580592745357874
71.0,10.355115465439022
71.10000000000001,11.007013328042396
71.2,2.798830519084563
71.3,11.134748811666903
71.4,17.03045393554164
71.5,2.7063697797896604
71.60000000000001,4.975699544901418
71.7,17.611819888529194
71.8,9.73199679353246
71.9,8.795191552501292
72.0,11.065860650693422
72.10000000000001,10.770461037386527
72.2,5.114222661457129
72.3,12.199414090561666
72.4,4.754967728598194
72.5,6.3013751848806265
72.60000000000001,11.275307780153259
72.7,1.0552729800713747
72.8,6.110913720800719
72.9,14.16383465097421
73.0,4.493074973369338
73.10000000000001,2.3534401847234125
73.2,7.086650610302961
73.3,6.34042628459064
73.4,-1.08587228148666
73.5,6.629140901431036
73.60000000000001,-0.46308242882423034
73.7,5.176491884853427
73.8,3.621715925196874
73.9,-1.0625933866067772
74.0,-0.6197897998610316
74.10000000000001,10.755129290532986
74.2,2.4713779426055487
74.3,4.780429295123449
74.4,2.7040818970845466
74.5,-2.210289229421444
74.60000000000001,-9.222211341989347
74.7,4.253168677645602
74.8,-3.0898253171918304
74.9,-1.6998383111848085
75.0,3.7727754057074403
75.10000000000001,0.7255851852686552
75.2,-4.104846040061121
75.3,4.21853494242915
75.4,-0.9443701663250066
75.5,-4.084203394757011
75.60000000000001,-0.5899988994062548
75.7,3.005772988002338
75.8,-5.068335942949418
75.9,4.937909642766706
76.0,-1.9463352610641835
76.10000000000001,1.7088604306936461
76.2,-0.24841799283050658
76.3,-9.318316386038394
76.4,-7.131051261164781
76.5,-4.162986990292339
76.60000000000001,-4.800938764247085
76.7,-8.920438253642438
76.80000000000001,-0.09941536383365879
76.9,-5.033041012935986
77.0,-2.404512710758934
77.10000000000001,-1.96521532791509
77.2,-10.400088459036834
77.30000000000001,-7.554709194448557
77.4,-9.12871333533383
77.5,-14.090371122180478
77.60000000000001,-6.96562893032306
77.7,-6.607506494333602
77.80000000000001,-16.363604751251273
77.9,-7.223767913817568
78.0,0.9597834109916992
78.10000000000001,-9.668772060442826
78.2,-10.45756002107859
78.30000000000001,-10.686126375862859
78.4,-11.295217790628037
78.5,-10.021977140332549
78.60000000000001,-5.623919132996831
78.7,-11.194914541614011
78.80000000000001,-11.79095006270682
78.9,0.7416315598810419
79.0,-8.459618130512823
79.10000000000001,-4.904685697691566
79.2,2.9831536665311233
79.30000000000001,-0.2970326142474793
79.4,-6.619547299048708
79.5,-5.037209737814992
79.60000000000001,-9.834113706545384
79.7,-5.666860994933147
79.80000000000001,2.4352967884290466
79.9,-7.60844971058447
80.0,-2.663759120057911
80.10000000000001,7.527023000945818
80.2,0.7789516822317681
80.30000000000001,-1.43322442443653
80.4,5.041810375055376
80.5,-0.7735337455115401
80.60000000000001,0.1201021167409948
80.7,12.519875628061811
80.80000000000001,3.988533570068617
80.9,10.191259707541814
81.0,11.677485699963668
81.10000000000001,6.6529627233341095
81.2,9.232583736214035
81.30000000000001,13.764388456381782
81.4,4.275206163478866
81.5,7.569128701894095
81.60000000000001,11.929960932919109
81.7,12.842111453784108
81.80000000000001,12.23226418931074
81.9,18.542077438831445
82.0,8.74385928196185
82.10000000000001,14.683000745897703
82.2,15.015047991131542
82.30000000000001,8.10456352907887
82.4,1.6153090242677561
82.5,9.428161609095081
82.60000000000001,3.541204086815356
82.7,6.026610619659966
82.80000000000001,11.754296479877826
82.9,4.699600223722781
83.0,7.97680049102554
83.10000000000001,14.558764611114402
83.2,5.825248494184217
83.30000000000001,1.0487036896504156
83.4,9.723853136242068
83.5,4.171159513636383
83.60000000000001,-2.479144185058532
83.7,5.7539379867961555
83.80000000000001,1.9312529028339793
83.9,3.0041610752873136
84.0,2.0032330355526486
84.10000000000001,4.18202423018958
84.2,3.6355834179284883
84.30000000000001,4.599366189812285
84.4,1.927313721097614
84.5,-0.329406456912553
84.60000000000001,6.491898861948718
84.7,-4.355777643330569
84.80000000000001,3.730663946809674
84.9,7.0028647485128985
85.0,2.5887426685819586
85.10000000000001,-2.173392542535116
85.2,7.328981123516047
85.30000000000001,-4.037894490817742
85.4,-1.6798180580693274
85.5,3.8687039513365145
85.60000000000001,-4.747980359997355
85.7,-2.5336040936639863
85.80000000000001,2.7574686206535834
85.9,-5.949012888081242
86.0,1.674712670770158
86.10000000000001,4.906226224231046
86.2,-6.996616066713532
86.30000000000001,-7.26752440340883
86.4,6.414607874961957
86.5,-7.076133596999341
86.60000000000001,-7.374170677113859
86.7,-6.223485012288663
86.80000000000001,-5.668449895969526
86.9,-0.6832929809381869
87.0,2.705617327895732
87.10000000000001,-6.896445962305456
87.2,-5.703506272225285
87.30000000000001,-2.858297182487515
87.4,-9.928150961704794
87.5,-11.827885051327204
87.60000000000001,-9.820448922687797
87.7,-6.40942452515226
87.80000000000001,-11.689571583557266
87.9,1.9648866353368017
88.0,-9.513720963744069
88.10000000000001,-8.131893021320169
88.2,-0.8685341032009699
88.30000000000001,-8.912532917619346
88.4,-11.463396728000006
88.5,-13.691741408307049
88.60000000000001,-9.26226930045512
88.7,-8.967149148800134
88.80000000000001,-4.52037020732109
88.9,-6.6668005993463275
89.0,-9.858870235372148
89.10000000000001,-1.834273236235684
89.2,-13.360449958418322
89.30000000000001,-9.670926357879221
89.4,-0.45165309757200633
89.5,-13.70332079138208
89.60000000000001,-5.406400502971554
89.7,-1.7602466910678993
89.80000000000001,-4.724610905592741
89.9,4.652180822061175
90.0,4.163016555288484
90.10000000000001,3.514805440717009
90.2,0.8396510584322632
90.30000000000001,0.8441678566772837
90.4,-4.976927955277196
90.5,3.769275411645666
90.60000000000001,3.3311792887014207
90.7,2.4325335426860306
90.80000000000001,1.7649498075532994
90.9,16.792354353735604
91.0,15.749854285232022
91.10000000000001,13.278766098862798
91.2,15.12515168319604
91.30000000000001,10.937077216247921
91.4,4.258995539208428
91.5,9.975217986186014
91.60000000000001,8.950447631620445
91.7,5.40902840315468
91.80000000000001,12.441101510520912
91.9,8.767778318061712
92.0,10.721047155195164
92.10000000000001,22.043549639012816
92.2,6.103133487194488
92.30000000000001,12.048672077987709
92.4,8.701573396220951
92.5,-4.102090399996408
92.60000000000001,10.400455332614413
92.7,8.033328042808602
92.80000000000001,5.482841746348225
92.9,11.556977272494427
93.0,9.358887267959242
93.10000000000001,6.269892309733004
93.2,1.6368930980756045
93.30000000000001,5.444427952060438
93.4,-3.046525664949637
93.5,1.4298677708649081
93.60000000000001,1.5948800078435839
93.7,-0.6016333624373635
93.80000000000001,-3.504904487143077
93.9,9.154776048139473
94.0,0.9365760531608567
94.10000000000001,4.424839096083003
94.2,5.203527615872854
94.30000000000001,-5.131541588451857
94.4,-0.2953250059401591
94.5,1.9424017977844956
94.60000000000001,-9.100569843835123
94.7,-4.187628906932664
94.80000000000001,3.344295795217449
94.9,6.786324808358485
95.0,-1.4400709405049255
95.10000000000001,4.36473778369401
95.2,4.8139398174241705
95.30000000000001,-6.56023605687445
95.4,-1.4193825757803777
95.5,-3.628109993466013
95.60000000000001,-6.319157093520769
95.7,1.3627667832271926
95.80000000000001,0.3728012283037898
95.9,0.09702785533385194
96.0,2.1106186881190028
96.10000000000001,2.7489130794305923
96.2,-10.221301712807689
96.30000000000001,1.3496411648986255
96.4,-7.289452052103595
96.5,-6.320439490449084
96.60000000000001,3.1204996646182295
96.7,-10.10811319502336
96.80000000000001,-1.470774179414721
96.9,-0.15800768091479211
97.0,-1.8594614010135444
97.10000000000001,-7.772121594427377
97.2,-0.23298528387383488
97.30000000000001,-12.95166042850801
97.4,-11.116872350072338
97.5,-5.940216246432468
97.60000000000001,-9.540452638828775
97.7,-11.773786408158816
97.80000000000001,-3.872114206882765
97.9,-8.328699570064948
98.0,-9.227698137905016
98.10000000000001,-4.849868995738262
98.2,-17.38442110264785
98.30000000000001,-10.304662353488059
98.4,-9.68198544211919
98.5,-13.80577856561411
98.60000000000001,-12.371282618904617
98.7,-5.861567917106617
98.80000000000001,-10.992864785142668
98.9,-5.378107667825891
99.0,-2.0512626741708013
99.10000000000001,-11.745829717306215
99.2,-8.50061942234753
99.30000000000001,-0.5442497191432905
99.4,-5.8173827557279125
99.5,-10.64184610273781
99.60000000000001,-0.701704002154456
99.7,-3.9704917458969615
99.80000000000001,-3.2821149592213987
99.9,5.148556614374449
100.0,-2.2920893624415672
100.10000000000001,-1.6942018612469578
100.2,5.893435815455319
100.30000000000001,3.515906246791578
100.4,1.6720473560315505
100.5,8.099451105696936
100.60000000000001,5.274646801189273
100.7,4.290418363129437
100.80000000000001,11.507887529851917
100.9,9.631249894701396
101.0,4.0900910451177195
101.10000000000001,12.239772311506066
101.2,7.062080600198932
101.30000000000001,7.265161219766878
101.4,15.131194546278575
101.5,1.5319216129726718
101.60000000000001,2.3955516018784424
101.7,11.652933917160828
101.80000000000001,2.1692606441928337
101.9,7.335820443270112
102.0,14.258034462825583
102.10000000000001,10.141019893497525
102.2,5.14912317289445
102.30000000000001,10.314206839122047
102.4,5.820461242702014
102.5,1.3777399610218075
102.60000000000001,6.5056673475494495
102.7,1.7280520014508647
102.80000000000001,7.390774830111794
102.9,11.533756492367523
103.0,3.847490134069597
103.10000000000001,5.8205829027113225
103.2,14.622673590823046
103.30000000000001,3.7850226938860985
103.4,5.3158523938170354
103.5,6.730006141043878
103.60000000000001,4.95726993651064
103.7,2.5204932443478056
103.80000000000001,7.081924031766428
103.9,1.792360972149332
104.0,3.6935790079081254
104.10000000000001,9.71782417063576
104.2,4.050248041300062
104.30000000000001,-2.51196945999774
104.4,2.1149368923149394
104.5,-4.440417799248235
104.60000000000001,3.407601304975353
104.7,2.1748664255166243
104.80000000000001,-1.9496143875222458
104.9,-0.9317339671392362
105.0,8.208002327074684
105.10000000000001,-2.221032053447583
105.2,0.250641193233067
105.30000000000001,-1.0090720934207607
105.4,-1.5414315072383877
105.5,-7.206724863719918
105.60000000000001,5.691456951420573
105.7,-0.3956705388445366
105.80000000000001,2.9505195339511134
105.9,-1.329502565588927
106.0,2.6553432322564463
106.10000000000001,-4.724396362069923
106.2,2.137289291587587
106.30000000000001,-7.304423700913479
106.4,-8.276126241621593
106.5,-3.187726691143173
106.60000000000001,-7.400031716984451
106.7,-12.010175612068991
106.80000000000001,-6.772575422081885
106.9,-4.17104872045752
107.0,-1.5352330710843445
107.10000000000001,1.6517107078340594
107.2,-10.770432624088977
107.30000000000001,-14.968894062403626
107.4,-4.821004562767351
107.5,-10.27096892209747
107.60000000000001,-13.19920352583954
107.7,-10.829283049332801
107.80000000000001,-9.6636815759048
107.9,-12.1382860797959
108.0,-6.580963769596645
108.10000000000001,-9.198701407581002
108.2,-13.113716401934692
108.30000000000001,-9.802128856957006
108.4,-14.632151026081932
108.5,-15.430376842249725
108.60000000000001,-4.84037313801808
108.7,-13.208330103085704
108.80000000000001,-15.54567331378843
108.9,-4.1645702385636625
109.0,-10.283895611694518
109.10000000000001,-11.25546395085903
109.2,-1.1045436120737433
109.30000000000001,-4.733292140221403
109.4,-11.933946739666837
109.5,0.29521247604650336
109.60000000000001,-6.054025814567815
109.7,-4.123516395946117
109.80000000000001,4.529977580014318
109.9,-6.893307738365098
110.0,0.8406445033572056
110.10000000000001,4.287582942337496
110.2,1.560874405654101
110.30000000000001,-4.02651171849054
110.4,8.478395701226807
110.5,3.990665883985291
110.60000000000001,2.642311017963144
110.7,16.949868266037594
110.80000000000001,10.043701275266875
110.9,11.27795421670887
111.0,14.193272222531501
111.10000000000001,0.8659613257350278
111.2,11.511979749109239
111.30000000000001,11.165307874803595
111.4,9.666940296936037
111.5,6.619870322990201
111.60000000000001,8.600107215126872
111.7,8.375204044930321
111.80000000000001,9.663824953798398
111.9,15.248243188545999
112.0,8.908917907148938
112.10000000000001,6.6501535776883935
112.2,9.6575202759924
112.30000000000001,8.596659082343447
112.4,10.867196003430092
112.5,10.519145545954293
112.60000000000001,5.8956879831096805
112.7,7.409266873329659
112.80000000000001,15.919234500858552
112.9,4.444646922724628
113.0,3.0252838740038115
113.10000000000001,7.730846353599771
113.2,7.251789623643178
113.30000000000001,-1.3130163578166707
113.4,6.3093335221570115
113.5,-6.80579827874101
113.60000000000001,-2.105610900611194
113.7,5.629895117903444
113.80000000000001,-0.13729784871180106
113.9,3.320175272868596
114.0,9.20510695796191
114.10000000000001,-3.17501748389558
114.2,-3.4488634586080194
114.30000000000001,1.7647713748405347
114.4,-4.5394898143618745
114.5,-0.8816069543200902
114.60000000000001,5.334798378273694
114.7,0.25262660605902276
114.80000000000001,-0.5832565823161253
114.9,13.273974202417264
115.0,-2.3939992434835715
115.10000000000001,0.8788153524677154
115.2,7.261739133351963
115.30000000000001,-1.9040689577733099
115.4,-0.7899772113511072
115.5,-0.2765620649566971
115.60000000000001,-5.666769610591297
115.7,-3.1432891964740186
115.80000000000001,4.7409451319956375
115.9,-5.948601611449265
116.0,2.5507400865624428
116.10000000000001,6.275349827633736
116.2,-4.527742086167052
116.30000000000001,-7.5279708269369054
116.4,0.7147462587963548
116.5,-10.03397660560989
116.60000000000001,-11.135622103744495
116.7,0.32396702886487727
116.80000000000001,-7.509494323911375
116.9,-4.466960745988996
117.0,-1.721159899494456
117.10000000000001,-5.953166591304226
117.2,-12.537840316673234
117.30000000000001,-0.46732643627738035
117.4,-14.166658073162193
117.5,-8.012669670384824
117.60000000000001,-4.212356589392612
117.7,-12.220077369909689
117.80000000000001,-1.0757430275087543
117.9,-5.67740053299042
118.0,-15.317295123772725
118.10000000000001,-11.751893823370857
118.2,-6.33573273291301
118.30000000000001,-7.04142860996572
118.4,-16.411754173447733
118.5,-5.393802373438891
118.60000000000001,-4.710387008774344
118.7,-9.707428331567959
118.80000000000001,-4.4394543045310595
118.9,-3.8580803759784
119.0,-9.349823219891817
119.10000000000001,1.3159831258104546
119.2,-8.334354149964675
119.30000000000001,-5.453485791333702
119.4,-4.217559309968718
119.5,-10.795699809969307
119.60000000000001,-5.097128081553528
119.7,4.872675862393675
119.80000000000001,-2.580798063520911
119.9,-3.205064684909618
120.0,2.658691597058305
120.10000000000001,-2.117887693660759
120.2,-2.2391606991403723
120.30000000000001,6.617474505964845
120.4,4.617071671641216
120.5,0.3763079058389702
120.60000000000001,11.737027513538527
120.7,7.507299973382775
120.80000000000001,2.916737124288594
120.9,13.959993469342761
121.0,9.667580536475546
121.10000000000001,12.9281692737945
121.2,15.695861958039288
121.30000000000001,4.105721670093171
121.4,5.962191666329952
121.5,13.131157421657502
121.60000000000001,9.667368395414119
121.7,6.2591889640184135
121.80000000000001,14.14545110879392
121.9,6.254787318505198
122.0,12.477114592522145
122.10000000000001,15.645039123166885
122.2,6.87078536845822
122.30000000000001,8.364874244862381
122.4,12.620359019826997
122.5,0.5310807119679475
122.60000000000001,-0.13832566647946365
122.7,11.508433883260125
122.80000000000001,6.257349054440328
122.9,9.945346218843309
123.0,6.66028712332753
123.10000000000001,4.239356809854146
123.2,4.983720079610283
123.30000000000001,0.5006127512013925
123.4,-2.116700178224151
123.5,0.4389016134231789
123.60000000000001,7.6209654112665195
123.7,-1.6866992427566863
123.80000000000001,2.9631367342456407
123.9,2.5030622190374303
124.0,-2.1631482527495405
124.10000000000001,4.351124388822314
124.2,5.01333745564852
124.30000000000001,-0.5136438071336151
124.4,-2.9869165746002038
124.5,5.6330162558336045
124.60000000000001,-6.631774463575829
124.7,0.38893919054406756
124.80000000000001,6.724380855943583
124.9,-2.2808503780674356
125.0,1.6612016231008533
125.10000000000001,7.076656967942232
125.2,-5.094590481957939
125.30000000000001,-2.2614516821047363
125.4,2.24488913712642
125.5,-9.097150300179397
125.60000000000001,-3.37978360851476
125.7,-0.1541497782127026
125.80000000000001,0.8851093909024155
125.9,-6.039642672995805
126.0,7.974477464043305
126.10000000000001,0.2462886323661837
126.2,-3.5818296323851873
126.30000000000001,-2.1608882021507716
126.4,-8.470691207037735
126.5,-4.744927104961812
126.60000000000001,1.6350663607355833
126.7,-10.019269413291724
126.80000000000001,-4.698598869760448
126.9,-0.8226184636579008
127.0,-4.631016831654215
127.10000000000001,-7.002433550732155
127.2,-4.6713112253230165
127.30000000000001,-10.485041251984942
127.4,-6.905465101934715
127.5,-6.208105873983734
127.60000000000001,-13.246527607709645
127.7,-10.284584298367145
127.80000000000001,-5.821808696907949
127.9,-10.860636900850093
128.0,-11.07795300416553
128.1,-0.6343164189478312
128.20000000000002,-6.518897392506003
128.3,-7.339097561286379
128.4,-5.372721411790692
128.5,-8.980359628915597
128.6,-11.89771493148335
128.70000000000002,-7.3543347290018914
128.8,-10.713765180843293
128.9,-10.806749285734385
129.0,-3.0889515350310077
129.1,-10.977561413088665
129.20000000000002,-7.769182042413897
129.3,0.677372918448544
129.4,-4.987146361252673
129.5,-7.1495562864444295
129.6,-3.8587960142452413
129.70000000000002,-5.3909549974492315
129.8,-4.251560091382496
129.9,7.669227966240321
130.0,-3.437975675564137
130.1,-0.29134681482980795
130.20000000000002,5.195919609071569
130.3,1.8527609177239377
130.4,-1.9066654044950198
130.5,9.280638847755057
130.6,1.4577449544811398
130.70000000000002,5.216483084086117
130.8,9.349078755499846
130.9,2.5114851599704764
131.0,10.76218014259514
131.1,9.204279514016896
131.20000000000002,4.904795575283327
131.3,4.431982180442713
131.4,15.420036114969175
131.5,2.8617250718654317
131.6,3.086794277968549
131.70000000000002,14.10786451391738
131.8,10.490327840189734
131.9,6.198537073542639
132.0,11.26248639092634
132.1,11.405969985993174
132.20000000000002,6.0193405965196
132.3,11.709226530819606
132.4,2.891913826030419
132.5,9.362582286664562
132.6,1.935650455111285
132.70000000000002,3.7442388850414265
132.8,4.220899533828578
132.9,11.312188869474442
133.0,4.728950699711556
133.1,-0.23316381161993927
133.20000000000002,8.147457923183435
133.3,2.3519626279320787
133.4,5.160194855367334
133.5,3.126251592050698
133.6,1.29285032799549
133.70000000000002,4.362630353305711
133.8,2.485734613378291
133.9,4.855005083859002
134.0,-1.785466718284364
134.1,7.869696105408676
134.20000000000002,3.1834857687947324
134.3,1.9699702207869412
134.4,4.22101473131973
134.5,-5.948881150557108
134.6,2.5776072494620648
134.70000000000002,-0.06643340354180394
134.8,-4.169390103984949
134.9,-1.8051183468068677
135.0,9.165592143247702
135.1,-0.5244440870317613
135.20000000000002,1.923649404585805
135.3,5.169599681048346
135.4,-3.0318648176869174
135.5,-1.7910186217732782
135.6,2.160712677167589
135.70000000000002,-4.54771414749098
135.8,-8.621088271841494
135.9,5.320007668898892
136.0,-4.167920106361175
136.1,-2.236301490698424
136.20000000000002,2.707039917812375
136.3,-4.159962903590413
136.4,-9.394532903278062
136.5,-2.086015213534301
136.6,-9.483398140414343
136.70000000000002,-7.545146800941383
136.8,0.8538289855928651
136.9,-8.689103766629778
137.0,-8.168462247597425
137.1,1.8653054175688224
137.20000000000002,-6.493440837398977
137.3,-10.24767701121595
137.4,-6.500730723246823
137.5,-8.285084759301629
137.6,-9.637913894666044
137.70000000000002,-4.044907319036661
137.8,-13.740706888575268
137.9,-12.682647960890776
138.0,-3.39727380804098
138.1,-12.131967317717386
138.20000000000002,-12.90340824858568
138.3,-6.552818110529372
138.4,-17.11783023139859
138.5,-17.104472356756883
138.6,-8.804520402895532
138.70000000000002,-9.348622080596822
138.8,-7.139791875208546
138.9,-3.106460956793558
139.0,-6.0509760331716755
139.1,-4.1464354547646405
139.20000000000002,-4.478590640393885
139.3,-10.225689062944749
139.4,-9.421534731219026
139.5,-2.580133623053727
139.6,-13.354917414677619
139.70000000000002,-8.001576123637946
139.8,-0.09791162511453066
139.9,-1.3357552762100002
140.0,1.2455905340830415
140.1,8.499968272036611
140.20000000000002,-0.6133055878414853
140.3,-0.397535782339026
140.4,3.790543226181128
140.5,8.039768223089212
140.6,0.3928216070185435
140.70000000000002,5.165087401659067
140.8,0.664740241266214
140.9,7.007150893913026
141.0,11.648582899306927
141.1,14.861707894318164
141.20000000000002,3.0030318499323547
141.3,10.099497767187042
141.4,5.253133536158064
141.5,6.591379180727913
141.6,14.43297407645445
141.70000000000002,9.744759339757616
141.8,4.169097114278989
141.9,13.005357884679182
142.0,6.600624457142944
142.1,5.4619105822083425
142.20000000000002,9.618315930516339
142.3,5.415010441779527
142.4,5.383955837324394
142.5,13.771284188230064
142.6,2.5619657666272975
142.70000000000002,5.642018835787236
142.8,14.427593552980396
142.9,6.809977888759062
143.0,5.818465916218198
143.1,12.086505165060611
143.20000000000002,-1.0872463714642429
143.3,3.3475795179581818
143.4,5.843428981498132
143.5,-2.3337755142012773
143.6,0.21040800868983656
143.70000000000002,5.023294173114362
143.8,2.690922323232577
143.9,0.317173350151573
144.0,8.276802010785872
144.1,-3.1564630704422094
144.20000000000002,1.7597258734185777
144.3,2.402775151524748
144.4,1.3085296121264502
144.5,-2.740914105054954
144.6,3.2699140175698735
144.70000000000002,1.4034573476265313
144.8,-4.896312733756846
144.9,3.698912394252207
145.0,6.449015266752131
145.1,-5.701142379433415
145.20000000000002,1.166229142229142
145.3,-7.350259686359687
145.4,0.03758770867264172
145.5,1.7915940105335357
145.6,-4.08581419280477
145.70000000000002,-0.9344818868660565
145.8,6.168595297041432
145.9,-6.151665256322863
146.0,1.3430700095850248
146.1,2.957827873845167
146.20000000000002,-4.520431130317437
146.3,-6.915461068055592
146.4,-0.5383990983204896
146.5,-10.454634850085746
146.6,-7.016335993017009
146.70000000000002,6.760454416192509
146.8,-6.089430100392287
146.9,-6.289590231607847
147.0,2.8263856594775665
147.1,-7.848773105747341
147.20000000000002,-11.84853709756909
147.3,-9.359771940812983
147.4,-11.026308749810836
147.5,-18.682812061289496
147.6,-3.7635465189567716
147.70000000000002,-9.611598372313349
147.8,-10.605560564394576
147.9,-3.4667843692162315
148.0,-7.867552346948607
148.1,-9.663287371032915
148.20000000000002,-6.415311626503821
148.3,-12.003832340476087
148.4,-5.720185731530805
148.5,-8.553296939946858
148.6,-14.46487170160819
148.70000000000002,-13.107174852456783
148.8,-1.9698941581175502
148.9,-2.6464738824934595
149.0,-15.387945121463554
149.1,-0.294450640323205
149.20000000000002,-7.7527168809655915
149.3,-6.4936155942112155
149.4,-3.182447092703772
149.5,-10.656857878724276
149.6,-8.249575898776953
149.70000000000002,4.75281736766619
149.8,-6.9121019213756165
149.9,-1.4459034139721947
150.0,7.195281479680473
150.1,1.9870619035710115
150.20000000000002,-3.339101622941385
150.3,5.559333317775048
150.4,-2.089036578655606
150.5,-4.414614956529888
150.6,6.8075886395283645
150.70000000000002,-1.2943178049755297
150.8,6.557171442541236
150.9,14.585768591013073
151.0,10.029786556741323
151.1,3.372834075603095
151.20000000000002,14.7853647155587
151.3,0.06611437641952023
151.4,1.4156451652491349
151.5,16.149398659518923
151.6,6.022500604160586
151.70000000000002,1.9187289029389234
151.8,16.567449679330924
151.9,5.067970102740594
152.0,4.354462956268656
152.1,12.473308268890637
152.20000000000002,6.388501993680085
152.3,8.466601991620221
152.4,8.972537162958211
152.5,6.0768867425427535
152.6,4.6562921423704795
152.70000000000002,10.214427899591572
152.8,5.21310861067658
152.9,7.307485584615332
153.0,16.518459573362087
153.1,3.505425014225848
153.20000000000002,3.062464445039393
153.3,5.555228143379141
153.4,5.771638906743216
153.5,-3.864891422276046
153.60000000000002,4.902937233106156
153.70000000000002,0.5814791840695945
153.8,-0.07565690138658154
153.9,2.318107178410472
154.0,5.244502699465942
154.10000000000002,9.897121186285903
154.20000000000002,6.382941507341115
154.3,-5.946957043887011
154.4,-0.31271096903000206
154.5,4.460170449909316
154.60000000000002,-8.010981643239464
154.70000000000002,-5.9620356293513375
154.8,0.04860239499152996
154.9,1.3890061938782834
155.0,0.09194315207309867
155.10000000000002,7.556810393109697
155.20000000000002,-5.130439574414634
155.3,-4.878290231357031
155.4,2.2289096278978184
155.5,-6.34347598438254
155.60000000000002,-2.8432797334834286
155.70000000000002,2.407045853595998
155.8,-3.0468741707413414
155.9,-2.4903472668155358
156.0,-1.2979204287125752
156.10000000000002,0.8873951763136141
156.20000000000002,-0.2528442755075062
156.3,-0.6101317907213453
156.4,-3.228290124741701
156.5,-6.814792666026369
156.60000000000002,-0.8103608819242263
156.70000000000002,-2.6628676500414867
156.8,-1.8009816249824002
156.9,8.447245228077913
157.0,-4.26576546088317
157.10000000000002,-7.1796449621365355
157.20000000000002,2.3961554316890155
157.3,-12.927435444524168
157.4,-13.661349923928443
157.5,-7.121780139461307
157.60000000000002,-13.055343958941096
157.70000000000002,-13.965765630280723
157.8,-2.052172699481737
157.9,-12.250649226070266
158.0,-10.96401952380728
158.10000000000002,-2.9643493615631487
158.20000000000002,-12.779636636930132
158.3,-15.804101435988795
158.4,-10.51878171748875
158.5,-16.284899324208798
158.60000000000002,-12.944601836154582
158.70000000000002,-3.4355607749627417
158.8,-13.24273125119261
158.9,-10.437947219888649
159.0,1.0312866390775994
159.10000000000002,-3.797284117921504
159.20000000000002,-10.751834724817055
159.3,2.883065168311269
159.4,-12.896500140679528
159.5,-7.821462243459042
159.60000000000002,3.4193343536377054
159.70000000000002,-5.801648183061168
159.8,-3.001479873677514
159.9,4.184811942956592
160.0,0.1282172553145846
160.10000000000002,2.891705772938114
160.20000000000002,3.342924725408005
160.3,3.0062575896191253
160.4,-1.2626885326038124
160.5,12.011742634363351
160.60000000000002,-6.4930889174032735
160.70000000000002,8.507449131780767
160.8,14.885623612539906
160.9,3.0912843366445406
161.0,9.669192867965402
161.10000000000002,12.068273701137585
161.20000000000002,10.934430492104948
161.3,9.252191995127207
161.4,10.121887049790889
161.5,6.624090610555642
161.60000000000002,6.696626064804137
161.70000000000002,15.737143338396798
161.8,9.30845998825487
161.9,11.353971783788765
162.0,16.420023454145692
162.10000000000002,6.242281645138552
162.20000000000002,10.24451938224059
162.3,9.017310068116297
162.4,3.8492293510668567
162.5,4.332671115809751
162.60000000000002,15.193720965398057
162.70000000000002,4.309149570971009
162.8,-0.3975033839868396
162.9,11.100861293726481
163.0,5.962115221668013
163.10000000000002,7.883459855035559
163.20000000000002,7.867087793881388
163.3,5.247469976365055
163.4,-0.4499606279890931
163.5,10.522397049029395
163.60000000000002,3.011377778083981
163.70000000000002,0.4388678145038496
163.8,1.2152039580375995
163.9,1.8782415434523356
164.0,2.697037545011648
164.10000000000002,8.733934458081032
164.20000000000002,-1.5297807889281616
164.3,0.9634731357241209
164.4,7.850599679432191
164.5,-4.420557504775022
164.60000000000002,-4.331935273627581
164.70000000000002,4.703030804250923
164.8,-3.8832248430789384
164.9,-1.7054261172846734
165.0,4.161162766388282
165.10000000000002,-1.6663914462163052
165.20000000000002,-5.939823930111447
165.3,5.830601754020055
165.4,-4.564580620676934
165.5,-6.227705848149093
165.60000000000002,3.998696221369605
165.70000000000002,-4.678548547836743
165.8,-2.343872173665753
165.9,-2.2105303153731706
166.0,-2.7332766635256442
166.10000000000002,-4.724437279766709
166.20000000000002,-1.5669834149844633
166.3,-6.868095534123935
166.4,-7.408751045755393
166.5,1.6709819324929667
166.60000000000002,-8.038528844864196
166.70000000000002,-9.123313965105641
166.8,-0.9092326708739682
166.9,-5.831034616065137
167.0,-3.7920586002255043
167.10000000000002,2.533746129041214
167.20000000000002,-10.094091829182492
167.3,-13.498411848662679
167.4,-0.7086756240343295
167.5,-14.175224918140996
167.60000000000002,-11.316305544033463
167.70000000000002,-10.891922422047097
167.8,-9.538451070710916
167.9,-6.204070646018346
168.0,-7.573707878604222
168.10000000000002,-7.799740594416172
168.20000000000002,-6.625475391716511
168.3,-5.62042876144037
168.4,-6.1309078305590425
168.5,-7.517749330950533
168.60000000000002,-1.7300929222543244
168.70000000000002,-8.555223700099386
168.8,-13.139258437591185
168.9,-5.680079624418029
169.0,-1.6109143609820082
169.10000000000002,-8.204346515948115
169.20000000000002,-4.467404572512736
169.3,-3.047199487438265
169.4,-11.760904934925033
169.5,-2.884028413492257
169.60000000000002,-12.520860661433652
169.70000000000002,-8.13695143134484
169.8,1.8334512523752073
169.9,1.9241034513593678
170.0,0.201605926951546
170.10000000000002,7.381809047737655
170.20000000000002,-8.328546504943601
170.3,2.917246004952671
170.4,4.895862990673555
170.5,2.1794726238876496
170.60000000000002,0.36758307376409816
170.70000000000002,4.33149287167223
170.8,2.189853798729045
170.9,7.111978771677077
171.0,13.428482704494328
171.10000000000002,10.51110816169502
171.20000000000002,5.625748562736668
171.3,4.90976436704376
171.4,6.846250018069689
171.5,8.192226444987865
171.60000000000002,17.292346870500147
171.70000000000002,8.636411646280543
171.8,10.812260082434422
171.9,19.942712890193327
172.0,9.99271692071581
172.10000000000002,8.185979468737148
172.20000000000002,17.993743935072303
172.3,3.622770369608552
172.4,6.729487045066888
172.5,9.70853827871139
172.60000000000002,4.577824542695424
172.70000000000002,5.513529121367179
172.8,19.042655501198283
172.9,7.176874264686812
173.0,5.350222291352969
173.10000000000002,10.138869319316171
173.20000000000002,11.247319157317778
173.3,-0.010440690192878854
173.4,3.039893089896798
173.5,-6.176633529723928
173.60000000000002,-3.079058634734468
173.70000000000002,10.40620110896331
173.8,5.515188128382991
173.9,0.5957552016415049
174.0,7.268270812426858
174.10000000000002,1.140664050139927
174.20000000000002,4.4874067407933715
174.3,3.3366512563622592
174.4,-1.5031097779158062
174.5,-6.291324366689841
174.60000000000002,2.2298676856064503
174.70000000000002,2.9575982474420783
174.8,2.4465262192250554
174.9,5.674478351775165
175.0,0.7873944241945416
175.10000000000002,-4.142650159382712
175.20000000000002,3.805451621856437
175.3,-3.002957006841579
175.4,1.7555052289121755
175.5,-0.0508926597944197
175.60000000000002,-2.1080066417817123
175.70000000000002,-0.18675495380245088
175.8,4.982595568305342
175.9,-0.4012379504507875
176.0,-4.5699806801126766
176.10000000000002,4.800579474523894
176.20000000000002,1.943403281435546
176.3,-4.751599758307948
176.4,-0.8210535471753295
176.5,-8.191306369104527
176.60000000000002,-7.171262207811077
176.70000000000002,-0.19921696159712177
176.8,-9.054011663665348
176.9,-2.1114778494033377
177.0,5.304399641194054
177.10000000000002,-4.861660476532051
177.20000000000002,-7.383772756072993
177.3,3.7944494396504442
177.4,-13.258765395972109
177.5,-9.55393587499298
177.60000000000002,-9.7897187383272
177.70000000000002,-9.123267414241656
177.8,-11.212856038218131
177.9,-4.926432030179826
178.0,-14.17165617122868
178.10000000000002,-8.932338518524562
178.20000000000002,-7.423592094394172
178.3,-12.81496519354635
178.4,-10.191628074061539
178.5,-15.870304710134505
178.60000000000002,-12.784220305801663
178.70000000000002,-12.37365322443674
178.8,-1.796236949051584
178.9,-10.923947909736334
179.0,-7.893657248698329
179.10000000000002,-1.2646717476186184
179.20000000000002,-10.73367171330219
179.3,-7.8615665718180106
179.4,-7.905551160678779
179.5,-11.001353165624106
179.60000000000002,-13.398445428255693
179.70000000000002,1.1148646061496352
179.8,0.10476188261075725
179.9,-1.0770861184469607
180.0,2.365327838950367
180.10000000000002,-0.733386410576004
180.20000000000002,-0.8513375103861529
180.3,2.4838779904081436
180.4,3.0521971285957936
180.5,0.8982379716820206
180.60000000000002,8.161185240004292
180.70000000000002,2.0137718085454255
180.8,7.195138567598262
180.9,15.120745906100414
181.0,10.523018859648019
181.10000000000002,11.632533006618727
181.20000000000002,15.214936766847085
181.3,15.34884948881655
181.4,6.529207769398561
181.5,13.142581733739934
181.60000000000002,5.870872077093544
181.70000000000002,9.427438679438715
181.8,13.502909217229124
181.9,8.582693854909547
182.0,14.936153564802266
182.10000000000002,17.130171349703364
182.20000000000002,6.78344555509598
182.3,8.86128760910098
182.4,10.446052091121492
182.5,6.1828817978588635
182.60000000000002,7.906137916123968
182.70000000000002,9.714384998310381
182.8,8.655382876065183
182.9,4.745048977030418
183.0,8.322380066470547
183.10000000000002,10.016153351481874
183.20000000000002,5.864361026647954
183.3,9.163979445951142
183.4,-0.4645301004681883
183.5,2.2944525925747703
183.60000000000002,3.9833838750952753
183.70000000000002,-5.806901279350187
183.8,-0.2604233792025603
183.9,14.604071969219165
184.0,7.043821021039792
184.10000000000002,2.3244973245308174
184.20000000000002,6.2921067601823895
184.3,-2.3321130536552617
184.4,-0.3312202451006456
184.5,2.4477216400591733
184.60000000000002,0.6237011753076755
184.70000000000002,-6.9786136748338405
184.8,3.7187886603585403
184.9,-4.076666030921661
185.0,-2.345938604545344
185.10000000000002,5.842223017307643
185.20000000000002,-1.1003774059533944
185.3,-5.277838674439469
185.4,5.241749448907537
185.5,-3.6572665094543546
185.60000000000002,-8.663181404322614
185.70000000000002,1.2941749674477343
185.8,-1.3884260423090085
185.9,-1.4812097745225472
186.0,4.668035243716877
186.10000000000002,-4.407734782209462
186.20000000000002,-2.9093812153030854
186.3,4.78786140075397
186.4,-3.126946155167696
186.5,-10.647581145436218
186.60000000000002,-5.064336892542657
186.70000000000002,-5.586399198353629
186.8,-2.1266366309137585
186.9,-1.9417332102555553
187.0,-2.6187799217281125
187.10000000000002,-8.398399199574449
187.20000000000002,2.502983252514097
187.3,-4.90920253745025
187.4,-13.71506728794246
187.5,-7.437796185383617
187.60000000000002,-9.280634950681634
187.70000000000002,-12.316255667115296
187.8,-4.084317532398213
187.9,-14.904102709707237
188.0,-10.857828202859432
188.10000000000002,0.5288224139658491
188.20000000000002,-10.903480436829156
188.3,-16.148961809878976
188.4,-5.534153525174104
188.5,-17.520169752404062
188.60000000000002,-11.648333126738773
188.70000000000002,-2.585479778513566
188.8,-5.670611947190116
188.9,-8.15977669731624
189.0,-6.6069039947052985
189.10000000000002,-6.718085176028387
189.20000000000002,-10.050001738232934
189.3,-0.8398474333297354
189.4,-6.828832436386906
189.5,-8.580660921817694
189.60000000000002,0.41012634807846204
189.70000000000002,-3.12067409985404
189.8,-3.4939547243753317
189.9,5.722825302262752
190.0,4.902923594184109
190.10000000000002,0.6636438680448422
190.20000000000002,5.811262540851185
190.3,0.05161616446869122
190.4,-3.819800197598168
190.5,4.515026185264775
190.60000000000002,3.6450895525083418
190.70000000000002,0.2573447478215565
190.8,12.045101526405347
190.9,11.321582912263203
191.0,4.26037583620775
191.10000000000002,12.364389495582088
191.20000000000002,4.804016312052212
191.3,3.524296518052127
191.4,9.398352220554012
191.5,7.6973835373202135
191.60000000000002,5.514663499263676
191.70000000000002,14.935469747252341
191.8,10.396045454446153
191.9,9.59629562015204
192.0,20.923974857644886
192.10000000000002,5.319768231277486
192.20000000000002,13.157263191804347
192.3,11.992650826400189
192.4,10.715042210512959
192.5,-2.935590623731872
192.60000000000002,10.748129737296729
192.70000000000002,1.1421343547718457
192.8,7.954374194534539
192.9,9.758957962849049
193.0,11.90203516279185
193.10000000000002,0.5814320905224983
193.20000000000002,7.191626414765567
193.3,4.403255802118085
193.4,-3.0298235112889875
193.5,5.663800967034392
193.60000000000002,-4.928504702876447
193.70000000000002,-0.8994933425971511
193.8,2.8622994671200264
193.9,2.328481989994001
194.0,3.138671051875647
194.10000000000002,11.94866219140346
194.20000000000002,5.254877127619563
194.3,-0.9318251809467067
194.4,1.7383354326865894
194.5,-7.5154376575993105
194.60000000000002,-3.4830680896001907
194.70000000000002,-0.49717558943798235
194.8,-5.135911444091398
194.9,-2.938072801956476
195.0,4.238436960558582
195.10000000000002,-1.2749121975608821
195.20000000000002,-2.6777977337807473
195.3,-2.7978968970183438
195.4,-6.488649945520019
195.5,-3.5555977467840423
195.60000000000002,2.050329059372415
195.70000000000002,-4.630140222267365
195.8,-1.8714464065338228
195.9,-1.6572359639778642
196.0,-0.8747676702248088
196.10000000000002,-3.5894714039622224
196.20000000000002,-0.29647920064688593
196.3,-4.4241728102823625
196.4,-4.3480492198350476
196.5,-2.6489817538532745
196.60000000000002,-13.51696472178533
196.70000000000002,-11.347935995474451
196.8,0.48463447898310275
196.9,-6.07767924367008
197.0,-1.2535907390901777
197.10000000000002,0.28934180095017226
197.20000000000002,-5.621946984630547
197.3,-11.102320810767917
197.4,-3.832749925789704
197.5,-8.520268196665594
197.60000000000002,-12.987386267928926
197.70000000000002,-8.96836615942686
197.8,-11.154940103786824
197.9,-7.747853607658331
198.0,-2.3407288850635046
198.10000000000002,-8.997374351192267
198.20000000000002,-13.549958347102066
198.3,-4.209548676111751
198.4,-13.970402488695779
198.5,-11.537076030918186
198.60000000000002,-7.186653967268505
198.70000000000002,-13.676391563912588
198.8,-5.657680470354586
198.9,-3.394460176433303
199.0,-8.09895965630441
199.10000000000002,-9.225839378204423
199.20000000000002,-4.619450083983571
199.3,-7.481080749707608
199.4,-7.254163511023762
199.5,-4.442122496166046
199.60000000000002,-8.432767752653342
199.70000000000002,-5.238999074257304
199.8,6.063742495715563
199.9,0.09558656488164563
200.0,-2.0205687570788564
200.10000000000002,3.9853442977267908
200.20000000000002,-1.2687401793939808
200.3,-1.9690210912559265
200.4,2.720645776029161
200.5,2.491277426958403
200.60000000000002,2.913138624912491
200.70000000000002,4.623398773733051
200.8,3.5621819056240747
200.9,8.994886171850924
201.0,13.61249225643186
201.10000000000002,11.370748722565468
201.20000000000002,5.89256461987771
201.3,12.486732320024078
201.4,6.68516249093766
201.5,3.22262480602979
201.60000000000002,9.716392602697029
201.70000000000002,4.903951678896448
201.8,2.9008462480035235
201.9,13.924520797315832
202.0,5.570419369722554
202.10000000000002,7.291729091675361
202.20000000000002,16.237036359993375
202.3,7.309746672109615
202.4,2.4022197605479256
202.5,10.102582909025857
202.60000000000002,2.1357685434278224
202.70000000000002,7.60545953755258
202.8,11.838622949905577
202.9,8.00542245792552
203.0,10.826527123191843
203.10000000000002,7.177975513074379
203.20000000000002,2.6328800002389716
203.3,3.6923943751822286
203.4,7.998928782760547
203.5,6.241278301210631
203.60000000000002,-7.3828658044357915
203.70000000000002,1.743828443919306
203.8,-1.481509318210042
203.9,-1.5052355247739209
204.0,5.2928944205216535
204.10000000000002,1.043774227337774
204.20000000000002,0.6475582871148111
204.3,6.150987805450123
204.4,-1.8692234871299702
204.5,-2.904921256904885
204.60000000000002,2.9580244667791833
204.70000000000002,-4.171724642711728
204.8,2.4082537089848586
204.9,6.465058574326246
205.0,0.7210339906358243
205.10000000000002,0.16666425936175955
205.20000000000002,3.873597725563391
205.3,-7.784852593862283
205.4,-7.349711115598657
205.5,1.6916131246099528
205.60000000000002,-1.404471307049104
205.70000000000002,-2.034029091424547
205.8,1.1273709723407679
205.9,-3.7238622357874815
206.0,-2.1806192088626473
206.10000000000002,1.7463189671525876
206.20000000000002,-2.260964313518696
206.3,-2.4902407258827326
206.4,1.4783946861769413
206.5,-7.550396417886357
206.60000000000002,-11.406784152222862
206.70000000000002,-8.280276681783755
206.8,-10.145835996223182
206.9,-0.4746649242763099
207.0,-2.679278836063954
207.10000000000002,-7.052527090683064
207.20000000000002,-4.162840715150511
207.3,0.03446347057658805
207.4,-8.801197037302519
207.5,-10.592012236081445
207.60000000000002,-2.0029696957728333
207.70000000000002,-13.539896016472817
207.8,-9.792639175289803
207.9,-4.6367707113074745
208.0,-10.37629906699504
208.10000000000002,-10.732956755004889
208.20000000000002,-7.18319865885792
208.3,-12.078463186886278
208.4,-14.469109210195683
208.5,-7.179834247016687
208.60000000000002,-7.264655648505918
208.70000000000002,-15.988484822824054
208.8,-3.720133770120968
208.9,-3.9567054383719116
209.0,-8.034070887924923
209.10000000000002,-2.3117980173235324
209.20000000000002,-9.245448348650587
209.3,-11.600182018723402
209.4,-2.268991595250174
209.5,-3.588366189186898
209.60000000000002,-7.973832233715825
209.70000000000002,-1.5315068374934668
209.8,-2.2439750101934104
209.9,3.040758639103082
210.0,8.378865634885777
210.10000000000002,-3.318261046668222
210.20000000000002,1.6970923195192773
210.3,8.12624474082585
210.4,3.700473368988498
210.5,0.208184824688737
210.60000000000002,9.00902881898423
210.70000000000002,2.639185609508848
210.8,9.826200257271983
210.9,13.54943565790539
211.0,2.3224962518558305
211.10000000000002,9.066220855064524
211.20000000000002,15.685306327291162
211.3,7.817290472128393
211.4,2.7319250131977433
211.5,11.328636751462417
211.60000000000002,2.3273595483757745
211.70000000000002,6.183225989387681
211.8,13.001943581900402
211.9,10.883890554569998
212.0,12.738216530505353
212.10000000000002,13.336034911683011
212.20000000000002,11.046809353802317
212.3,6.676104105019132
212.4,11.403324138744932
212.5,3.3322373715688984
212.60000000000002,4.273457818249957
212.70000000000002,18.343812481903566
212.8,3.525208336453642
212.9,8.969252131403612
213.0,13.000758708742557
213.10000000000002,11.278205809966021
213.20000000000002,0.8389006586663568
213.3,3.0041423008233163
213.4,0.6614417598648039
213.5,-4.530540349807833
213.60000000000002,7.518551686978582
213.70000000000002,3.142840363591346
213.8,-3.864363379230523
213.9,11.408115108836528
214.0,-1.0873337980801874
214.10000000000002,1.0311690312727104
214.20000000000002,0.7272788649882722
214.3,-6.5126148624802775
214.4,-5.410885903082798
214.5,6.8321451916172595
214.60000000000002,-3.291906037630224
214.70000000000002,-1.6299244943797067
214.8,8.531183391110083
214.9,-1.4055605343710074
215.0,-2.700295316881719
215.10000000000002,2.7231231827713254
215.20000000000002,-5.210158387566441
215.3,-0.3453136362496151
215.4,-1.2633834181150094
215.5,-3.0596324089454003
215.60000000000002,-10.121506956832258
215.70000000000002,-1.1915210280218496
215.8,-1.9263539494815318
215.9,-6.017219078646088
216.0,1.7649224960287935
216.10000000000002,-2.791658184882359
216.20000000000002,-6.888426721878933
216.3,3.1939873712336047
216.4,-4.630633687146842
216.5,-12.13048650141892
216.60000000000002,0.938382156866421
216.70000000000002,-10.7145361281041
216.8,-7.664730680134808
216.9,-0.632616754601889
217.0,-6.102900276486517
217.10000000000002,-2.5605234286560776
217.20000000000002,-7.40683847432102
217.3,-11.104152079024413
217.4,-12.66216374133437
217.5,-7.603218810281861
217.60000000000002,-13.368187689906394
217.70000000000002,-9.764126260033844
217.8,-2.8138057724018335
217.9,-13.8106589050882
218.0,-12.254497943003805
218.10000000000002,-5.386030557062688
218.20000000000002,-12.430117159901103
218.3,-15.306285829580808
218.4,-9.816079125126588
218.5,-12.329346063083785
218.60000000000002,-15.136503277932844
218.70000000000002,-7.9705077889977956
218.8,-11.742111246694883
218.9,-5.0106883431076135
219.0,2.6852178879739044
219.10000000000002,-11.137828751848751
219.20000000000002,-5.546388664424084
219.3,-4.581634065487716
219.4,-11.164927858243425
219.5,-13.575777153787651
219.60000000000002,-6.199264511253551
219.70000000000002,-6.697599828386032
219.8,-2.0370867222419444
219.9,0.9210914344318892
220.0,2.7053407945519754
220.10000000000002,2.3050725481052585
220.20000000000002,7.697509545264154
220.3,3.8448213591130553
220.4,0.07542265924993075
220.5,7.073766291124341
220.60000000000002,2.6964890509170685
220.70000000000002,1.342627550423019
220.8,8.100339434646777
220.9,5.026083677144246
221.0,8.800301885925876
221.10000000000002,13.590377963392347
221.20000000000002,9.857128119880091
221.3,3.301099609012459
221.4,9.61652038668557
221.5,7.029245929196651
221.60000000000002,2.349735432470615
221.70000000000002,13.848651672467788
221.8,8.892615819099067
221.9,6.889840878560685
222.0,15.017881638542013
222.10000000000002,8.288175963594544
222.20000000000002,7.7722575287258735
222.3,12.283942995095241
222.4,0.15251766093043084
222.5,5.734415591700364
222.60000000000002,9.864677390995398
222.70000000000002,2.975819472432798
222.8,5.168578552802716
222.9,5.0436685759563
223.0,8.658458709206165
223.10000000000002,4.131742707170856
223.20000000000002,11.873668953114384
223.3,-2.058121235737019
223.4,-0.288644920371274
223.5,1.3406169760355269
223.60000000000002,-1.0685339025230598
223.70000000000002,1.351685032324595
223.8,4.671137037369027
223.9,5.884282903812762
224.0,-2.114724248909483
224.10000000000002,3.3504979075077204
224.20000000000002,-0.49388078551099657
224.3,-6.752296466033706
224.4,3.4645145570016407
224.5,-6.674529443875653
224.60000000000002,2.3892083932500587
224.70000000000002,8.295998979133959
224.8,-1.911590060382423
224.9,4.566304448284425
225.0,4.050177366065583
225.10000000000002,-1.4096732906256484
225.20000000000002,1.8138505002220282
225.3,3.074521844047104
225.4,-3.7534883141310558
225.5,-6.0415748478284055
225.60000000000002,1.1740955632936738
225.70000000000002,-2.7256124014753476
225.8,-6.563186238911796
225.9,3.5501656947013247
226.0,-9.367747426950737
226.10000000000002,-8.33452359632663
226.20000000000002,2.7456735739758416
226.3,-8.701063217586244
226.4,-10.583072148213196
226.5,-1.1511475573303454
226.60000000000002,-9.092510927776683
226.70000000000002,-7.815010908140177
226.8,0.9381739408850782
226.9,-1.9460057372250255
227.0,-6.148013852044953
227.10000000000002,-7.119031051878398
227.20000000000002,-9.414431913331697
227.3,-11.089784002460977
227.4,-10.729364888848709
227.5,-10.446100286838869
227.60000000000002,-12.705708716328777
227.70000000000002,-4.851971346543129
227.8,-10.32758714641426
227.9,-10.7041717400751
228.0,-7.971546946229516
228.10000000000002,-10.700346862802823
228.20000000000002,-8.716163425502389
228.3,-6.269110372587016
228.4,-10.567015847614735
228.5,-18.2707628197021
228.60000000000002,-6.936686668182655
228.70000000000002,-9.838378431341802
228.8,-8.315944842882335
228.9,-3.9636761664282725
229.0,0.592594234003081
229.10000000000002,-4.189209287077848
229.20000000000002,-6.192081231962777
229.3,-8.670901984921205
229.4,-6.650152593751654
229.5,0.07478574417553752
229.60000000000002,-7.026749689308762
229.70000000000002,-5.942416786984584
229.8,4.399372744981732
229.9,-0.43572814812445193
230.0,-1.6366529157311898
230.10000000000002,10.073986544849584
230.20000000000002,7.52217643731379
230.3,-2.8205369526348054
230.4,3.779488479285504
230.5,3.4735525211835574
230.60000000000002,0.3490195655473223
230.70000000000002,8.85277275060361
230.8,6.707495767474589
230.9,10.678365232085945
231.0,17.819364898474134
231.10000000000002,5.110311784105648
231.20000000000002,11.288661525210047
231.3,15.959598567029335
231.4,8.851776836346158
231.5,3.998949080511623
231.60000000000002,8.562698274778697
231.70000000000002,2.7849786389952174
231.8,8.6786097164193
231.9,14.156101949509594
232.0,7.710543224976355
232.10000000000002,10.312417976670062
232.20000000000002,11.731497938309378
232.3,6.108281814106542
232.4,2.3049951790384364
232.5,7.227953916112606
232.60000000000002,6.002857062363702
232.70000000000002,4.264906745245135
232.8,10.27552537251583
232.9,7.052118722263878
233.0,3.0598090058496012
233.10000000000002,8.924170194925388
233.20000000000002,4.853630665123627
233.3,4.972490428577288
233.4,9.151607375220676
233.5,1.8132081944357128
233.60000000000002,-2.7490008675494626
233.70000000000002,6.227180745753977
233.8,-3.402155400398202
233.9,5.144862294846327
234.0,3.678197901837088
234.10000000000002,1.1620434534575077
234.20000000000002,-5.377268361315696
234.3,4.001251885514744
234.4,-1.7316031226870132
234.5,-4.146067032447894
234.60000000000002,1.6747888407938776
234.70000000000002,-1.721127076909437
234.8,1.1798847772044387
234.9,6.6226401701181
235.0,-2.275260814905998
235.10000000000002,-2.1403428662693305
235.20000000000002,-1.6926832928371258
235.3,-3.3687612104902422
235.4,0.2395515128140726
235.5,3.9076796390399844
235.60000000000002,-4.179821477193851
235.70000000000002,-4.5573381876183365
235.8,-0.9781237264774569
235.9,-3.0267320035032856
236.0,-10.092414274533589
236.10000000000002,1.1058361909096739
236.20000000000002,-9.392503403375926
236.3,-5.942310335640883
236.4,1.9428475395099958
236.5,-13.388511451052496
236.60000000000002,-5.124562380013806
236.70000000000002,1.8453679986245906
236.8,-11.364985823906249
236.9,-11.148378361218153
237.0,4.656413288059101
237.10000000000002,-5.204999548884493
237.20000000000002,-7.9389460467422905
237.3,-4.967400969360404
237.4,-12.502854875237343
237.5,-11.495576462949346
237.60000000000002,-8.215139227061016
237.70000000000002,-16.18431113084237
237.8,-10.402262203661481
237.9,-5.763673463698962
238.0,-6.062087558740306
238.10000000000002,-5.916765523035801
238.20000000000002,-0.7774259019973728
238.3,-8.286170634858728
238.4,-12.161543775990774
238.5,-5.908327551673974
238.60000000000002,-11.399606325263386
238.70000000000002,-14.798560122633736
238.8,-6.484546578879382
238.9,-8.230505641006854
239.0,-10.387774632332533
239.10000000000002,-2.5917646059241624
239.20000000000002,-13.771527617573025
239.3,-7.943923244486484
239.4,-3.789443139235122
239.5,-6.090713342833784
239.60000000000002,-7.795434446319868
239.70000000000002,-0.2507622439492758
239.8,-1.916208686310589
239.9,-3.0102130676146017
240.0,6.862585218608897
240.10000000000002,1.159740359505945
240.20000000000002,1.586320787355307
240.3,8.732759733147738
240.4,-1.5901360196354013
240.5,0.2709586206223147
240.60000000000002,6.542893895674311
240.70000000000002,-1.1959609374954843
240.8,6.686291648625948
240.9,11.35293223174013
241.0,8.634393893040887
241.10000000000002,9.679142676482993
241.20000000000002,16.940225801346187
241.3,3.43476992672414
241.4,9.917863662708315
241.5,12.372642747836053
241.60000000000002,6.898872442245206
241.70000000000002,3.6644491779377346
241.8,13.238642367125404
241.9,10.685232285560463
242.0,6.692677318847487
242.10000000000002,10.830391144698705
242.20000000000002,7.916720503437964
242.3,7.946073502921761
242.4,15.08135419096634
242.5,4.65877680035061
242.60000000000002,8.95740583848722
242.70000000000002,10.977514995998895
242.8,5.48539636746572
242.9,8.12259380587852
243.0,12.445794961516484
243.10000000000002,3.193866739603483
243.20000000000002,6.539859181336028
243.3,8.87572496100594
243.4,-0.4343377078011019
243.5,0.345225515330966
243.60000000000002,2.4520335846899153
243.70000000000002,3.0426435507963414
243.8,-0.9158192132167906
243.9,6.0439269608599835
244.0,6.253861508255714
244.10000000000002,1.4318751750962067
244.20000000000002,1.1572814818659496
244.3,-1.196631736577599
244.4,-2.244825857661918
244.5,5.8808987564646795
244.60000000000002,-7.017481619800471
244.70000000000002,-1.800521340083178
244.8,4.875183763056985
244.9,-3.2491250993972804
245.0,-2.856794295449533
245.10000000000002,3.6180044315984343
245.20000000000002,-1.8667113589190054
245.3,2.3034288312874827
245.4,1.0451032578822668
245.5,-5.9734676167579455
245.60000000000002,-1.0825133356699015
245.70000000000002,5.065847801680156
245.8,-6.975152422953266
245.9,-3.447850535704008
246.0,3.26360651739185
246.10000000000002,-6.732205531979803
246.20000000000002,-4.044069702339883
246.3,-1.2224496402233669
246.4,-9.767806696350583
246.5,-6.500854942648312
246.60000000000002,2.0687473045673777
246.70000000000002,-9.625212563185517
246.8,-6.514929877691996
246.9,-0.8436874624260873
247.0,-3.1225989013113162
247.10000000000002,-7.470904835071472
247.20000000000002,-2.54908132001571
247.3,-16.689473032030154
247.4,-7.902810743389015
247.5,-6.707619281970925
247.60000000000002,-14.080650558782702
247.70000000000002,-8.780393788963533
247.8,-7.492706147586244
247.9,-13.34063830148427
248.0,-8.138503356277575
248.10000000000002,-6.167267935987906
248.20000000000002,-8.607869295778098
248.3,-14.18028551341203
248.4,-8.452412999991786
248.5,-13.973216840032274
248.60000000000002,-14.932174338800683
248.70000000000002,-6.537784882890987
248.8,-9.610997559577998
248.9,-14.389523802759928
249.0,-0.8918399789399736
249.10000000000002,-7.53249460318975
249.20000000000002,-6.349250443798006
249.3,-1.1736072366248713
249.4,-10.174376839053899
249.5,-7.651705489984886
249.60000000000002,-3.504081954443299
249.70000000000002,-3.9230131842443883
249.8,3.1244004046033087
249.9,5.307717598300768
250.0,-1.0013699855059754
250.10000000000002,-2.444854942481069
250.20000000000002,5.017459636171604
250.3,-3.9028375062334852
250.4,-1.3249554207840508
250.5,8.167882320773192
250.60000000000002,0.23382825351943515
250.70000000000002,-1.3437644318508457
250.8,10.806505523617213
250.9,2.2982764310257213
251.0,3.380703618336259
251.10000000000002,14.83704548086886
251.20000000000002,1.785938770536267
251.3,4.986697013947727
251.4,9.795697310518548
251.5,13.609864447756715
251.60000000000002,3.902856074140213
251.70000000000002,20.46088448934848
251.8,10.693390575991502
251.9,4.847885073936108
252.0,15.118907292582712
252.10000000000002,11.222580992229705
252.20000000000002,7.574067274378422
252.3,18.287567718389944
252.4,3.3009631644243953
252.5,3.1147578379682024
252.60000000000002,13.971272698768514
252.70000000000002,11.921475587284782
252.8,10.250676720153182
252.9,11.60187191905057
253.0,-0.2917526783702855
253.10000000000002,8.937991374227657
253.20000000000002,7.887639695648506
253.3,4.6924728702480545
253.4,0.18354090060948858
253.5,1.9986009195559897
253.60000000000002,-1.20915448835457
253.70000000000002,5.387170668041569
253.8,7.279852026492119
253.9,2.9009108833602006
254.0,2.6419396445054533
254.10000000000002,6.68150252173735
254.20000000000002,-2.427296988521238
254.3,-0.1219440571321293
254.4,2.957524988356436
254.5,-2.3646131224813955
254.60000000000002,0.6892763803452018
254.70000000000002,5.477419842077013
254.8,-3.2712276279804287
254.9,0.49893710460289276
255.0,3.9037493909910337
255.10000000000002,-0.27105131643281233
255.20000000000002,-1.966751541465932
255.3,5.14512774194106
255.4,-5.021918495152707
255.5,-4.276561743730648
255.60000000000002,2.0566401311221822
255.70000000000002,-0.5943107234653442
255.8,-5.406110430457845
255.9,4.380865225447149
256.0,-9.12489089181689
256.1,-1.6266968233979204
256.2,1.8426278843054902
256.3,-1.615205836532099
256.40000000000003,-4.895776542927896
256.5,-1.1769646041837718
256.6,-9.769038724081831
256.7,-6.0479956236522
256.8,3.143929065981528
256.90000000000003,-5.775161792112613
257.0,-4.013908004490384
257.1,-0.4047839520750376
257.2,-8.190917588493303
257.3,-11.952187546563376
257.40000000000003,1.7419329203797442
257.5,-6.5347085173848365
257.6,-15.547445789578603
257.7,-3.142087642929056
257.8,-10.78837054967639
257.90000000000003,-9.983665015325561
258.0,-3.0459608258237516
258.1,-9.503127413712326
258.2,-15.118130224027922
258.3,-8.349570348209852
258.40000000000003,-14.175448716350534
258.5,-8.880530719626194
258.6,-9.044808450565283
258.7,-8.238988666935864
258.8,-15.556498039872983
258.90000000000003,-1.4818418130850293
259.0,-10.608117846963353
259.1,-3.7553740027684324
259.2,-4.861567797174978
259.3,-9.143984868544129
259.40000000000003,-11.450480466960041
259.5,-2.3932220415566707
259.6,-9.049944121024737
259.7,-7.657904711302043
259.8,3.318720241230479
259.90000000000003,-1.4292897603414452
260.0,-0.7293136410520362
260.1,6.630603151414941
260.2,-1.2572270876059983
260.3,3.3210272195467123
260.40000000000003,4.374022754637098
260.5,-0.3754445597432041
260.6,-2.4875007397173095
260.7,7.48520529890344
260.8,3.760115774866472
260.90000000000003,6.680428710616247
261.0,19.085092248057823
261.1,8.774495463507915
261.2,7.020704418218688
261.3,11.137002894660075
261.40000000000003,6.434041742371077
261.5,1.9703104112873115
261.6,11.061520299055765
261.7,13.587655356951785
261.8,13.65112030831276
261.90000000000003,13.72363799759658
262.0,8.978219052876453
262.1,10.340858571928587
262.2,11.100752262669443
262.3,4.44931510626774
262.40000000000003,6.630238330485471
262.5,8.156019981994353
262.6,3.6883958117123004
262.7,5.305181176167215
262.8,13.093898899803683
262.90000000000003,6.29120864612463
263.0,6.773637088160683
263.1,12.606583502964217
263.2,-0.8296793103835598
263.3,1.4219720970995449
263.40000000000003,5.8283368287789585
263.5,2.1170725995023414
263.6,-9.96380399643975
263.7,8.760284139069263
263.8,3.687922008417888
263.90000000000003,9.111306604765073
264.0,8.230279088653962
264.1,6.870509662144713
264.2,-2.042596617665157
264.3,3.5985606625114253
264.40000000000003,-0.9550144743983577
264.5,-12.255416568159752
264.6,1.3583903191752666
264.7,-6.639262078275095
264.8,3.7522114576403034
264.90000000000003,7.972530378208102
265.0,0.8384303187817355
265.1,-1.3592958073634884
265.2,5.7101359988277824
265.3,-0.5681657169385452
265.40000000000003,-8.274038311195214
265.5,1.726313473393212
265.6,-3.369961605755167
265.7,-3.1014086535296896
265.8,3.204057015777194
265.90000000000003,-1.720595899610222
266.0,-1.5774449273669042
266.1,6.222829222767025
266.2,-2.8507003692056005
266.3,-7.672962656786915
266.40000000000003,2.8615164464939116
266.5,-9.613388190687838
266.6,-10.50416304876212
266.7,-3.5333361234847995
266.8,-3.4350025846083256
266.90000000000003,-2.406792413528642
267.0,-0.3665035365819689
267.1,-11.792622022452667
267.2,-10.769044693879552
267.3,-7.656756462893974
267.40000000000003,-10.441040257832235
267.5,-14.552680153502907
267.6,-8.113449100713458
267.7,-12.108867844541313
267.8,-8.274262802656441
267.90000000000003,-5.896661118475654
268.0,-9.712874246179451
268.1,-8.278470739984465
268.2,-6.05757504161102
268.3,-8.012667608554578
268.40000000000003,-13.447687901640911
268.5,-6.841298527318333
268.6,-17.10990083258866
268.7,-5.736390059052795
268.8,1.5679522969039654
268.90000000000003,-3.74134880556461
269.0,-6.751844815325901
269.1,-3.33240601767712
269.2,-4.82325994140746
269.3,-8.905251292431519
269.40000000000003,-8.952881868240855
269.5,-4.967908900528485
269.6,-2.1371283643171015
269.7,-0.27262743848937276
269.8,-5.431126182989934
269.90000000000003,0.30330318487018326
270.0,8.697160386448427
270.1,3.262051481744118
270.2,5.563968845659689
270.3,9.491179147896421
270.40000000000003,-2.152284351017705
270.5,0.592583391225949
270.6,7.382230171099689
270.7,1.0726406871298257
270.8,-0.320025676231535
270.90000000000003,10.568012204501047
271.0,5.6643749842393625
271.1,3.0740742129390948
271.2,12.672862260842518
271.3,4.664457908547181
271.40000000000003,5.996356050695743
271.5,13.601716770809002
271.6,5.669815358377362
271.7,10.796099985115617
271.8,9.946200328962316
271.90000000000003,9.874939746841653
272.0,10.411075822879862
272.1,10.278810834739803
272.2,12.393603958183634
272.3,4.653103337929609
272.40000000000003,8.814286415305155
272.5,-0.14550096815380664
272.6,0.5084249806111307
272.7,10.211729769320332
272.8,7.6924076322849135
272.90000000000003,5.529717540227489
273.0,14.26151218947093
273.1,9.725414670751091
273.2,0.46557218794100885
273.3,5.4056680998817805
273.40000000000003,4.022258016518027
273.5,-0.39705302182109814
273.6,3.6764302593544316
273.7,-2.205090287777345
273.8,0.5082837589763141
273.90000000000003,8.407519367384443
274.0,1.914419147887708
274.1,3.0293844529564167
274.2,7.196985430631895
274.3,2.742836457776339
274.40000000000003,-0.5738434518626234
274.5,1.7100881111149455
274.6,-5.439215294429111
274.7,-2.575980657794193
274.8,4.679354759444068
274.90000000000003,2.0827531587839196
275.0,-0.8143872010419899
275.1,1.1836657356236806
275.2,-5.040055662538398
275.3,-3.2404929386654318
275.40000000000003,-0.47548756666567504
275.5,-5.527449563053693
275.6,-0.6002764028480425
275.7,-1.5720407066879263
275.8,-0.5914009476587951
275.90000000000003,1.0609991154800866
276.0,4.225692975301085
276.1,-3.1483865112430767
276.2,-4.497827749979292
276.3,1.1343783811703
276.40000000000003,-10.752233920298934
276.5,-9.904020432784598
276.6,-3.108629912942316
276.7,-7.6691610148213
276.8,-7.185651297066893
276.90000000000003,-2.036836816083946
277.0,-8.256141732844684
277.1,-5.63620661464877
277.2,-5.791250825252206
277.3,-6.231574174139346
277.40000000000003,-11.346797330371908
277.5,-3.091964884406835
277.6,-13.319864649137282
277.7,-10.586801706906405
277.8,-8.108262902944645
277.90000000000003,-10.625004836718364
278.0,-6.799260474864585
278.1,-1.6146257413401859
278.2,-8.841621018634868
278.3,-9.803078558913349
278.40000000000003,-7.796176420643509
278.5,-14.740447545073753
278.6,-11.295710053922619
278.7,-3.413672914906295
278.8,-12.52489320444172
278.90000000000003,-12.879548918086748
279.0,2.438242224933157
279.1,-13.34995976831384
279.2,-9.808285804597201
279.3,1.5710695148583227
279.40000000000003,-4.959921446052527
279.5,-8.684314369151277
279.6,-7.7941511917898385
279.7,-4.528594306198148
279.8,-2.314857533824111
279.90000000000003,1.1845427518170597
280.0,-1.9495905944625693
280.1,2.4169863618347733
280.2,5.604950691270516
280.3,-1.4230353523713308
280.40000000000003,0.6963157833688298
280.5,8.120571659725176
280.6,2.1522327888107515
280.7,-0.12943163988512052
280.8,7.048913364864079
280.90000000000003,8.89028802044355
281.0,11.373520427133133
281.1,15.667579759070914
281.2,6.21503236111807
281.3,5.76126607706628
281.40000000000003,9.99010980645587
281.5,2.693291453309649
281.6,6.55946428058729
281.7,12.107333982839771
281.8,3.685911428766169
281.90000000000003,6.372214410920572
282.0,16.027580915744135
282.1,14.013522768709302
282.2,2.374606772644119
282.3,10.52776232984314
282.40000000000003,0.9783249609799469
282.5,2.5473838555806663
282.6,9.721811259869487
282.7,1.5354655231449206
282.8,7.979064127211218
282.90000000000003,15.206568708364895
283.0,10.200658274465031
283.1,2.3480511894357665
283.2,8.323135958888075
283.3,0.12844884420182123
283.40000000000003,2.7269407546253817
283.5,2.0714027362523453
283.6,-0.5151263848286518
283.7,-1.2120555778682571
283.8,7.469493791214704
283.90000000000003,4.067483332794583
284.0,1.2606265602387285
284.1,7.699248886495038
284.2,-3.958913432257438
284.3,-1.9617252544640036
284.40000000000003,3.098901440418598
284.5,-4.157338152776779
284.6,-2.659388642536576
284.7,4.339957350109394
284.8,-3.769056820291085
284.90000000000003,-2.762546820797919
285.0,9.533656977620723
285.1,-0.03442554251119878
285.2,-4.597196758864539
285.3,2.8573546595464006
285.40000000000003,-5.999919999289344
285.5,-9.749373695110863
285.6,8.394147119231535
285.7,-0.3773741428527355
285.8,-3.409968091403765
285.90000000000003,2.256361237303222
286.0,-1.7013782113572515
286.1,-3.535526172597717
286.2,-0.8429479179332438
286.3,-1.7921459411437004
286.40000000000003,-6.023622557121614
286.5,-3.194587733023017
286.6,-13.867978245307881
286.7,-10.148627610055234
286.8,2.1095077528742743
286.90000000000003,-7.781324057635536
287.0,-10.3130433106204
287.1,-3.307288627793621
287.2,-9.693369095578841
287.3,-7.220231994149513
287.40000000000003,-3.9884275549846078
287.5,-18.159714108084014
287.6,-8.859189754997109
287.7,-6.09067467164282
287.8,-16.036915318388466
287.90000000000003,-9.802324107442935
288.0,1.08074634284894
288.1,-5.959144442252496
288.2,-10.472102097782217
288.3,-4.739360086572788
288.40000000000003,-11.963610829786456
288.5,-14.143023194086934
288.6,-4.672277216352552
288.7,-13.107523481443083
288.8,-11.287621699432911
288.90000000000003,-3.3677542328178145
289.0,-11.57520031085697
289.1,-11.628825072007546
289.2,-7.559062531620256
289.3,-7.576591290874649
289.40000000000003,-8.843297875795624
289.5,-4.547715566007753
289.6,-7.755458903108826
289.7,-4.892002867423164
289.8,-1.0335154668966355
289.90000000000003,0.1337496293043452
290.0,-2.046877755446001
290.1,7.752380773124713
290.2,0.405524474990266
290.3,-5.064543604369959
290.40000000000003,5.2931951630477325
290.5,-0.42743240445585595
290.6,-5.604976817244157
290.7,8.650017159763472
290.8,2.420898567179366
290.90000000000003,7.418634452841654
291.0,19.81634241723635
291.1,7.967149789138259
291.2,12.2001442248315
291.3,14.655574657080216
291.40000000000003,9.255071404693272
291.5,2.7520872019008924
291.6,9.879690534057156
291.7,5.470841107587177
291.8,4.124582971403312
291.90000000000003,16.252602172503636
292.0,6.234594053129416
292.1,11.339139684763001
292.2,12.244816563029001
292.3,1.985279545773592
292.40000000000003,7.504741548441537
292.5,4.143672598203273
292.6,7.794509983927899
292.7,7.954901558069876
292.8,7.999583138633728
292.90000000000003,-1.1276795877010404
293.0,6.514147810338587
293.1,10.47527673512304
293.2,-1.0715782568834107
293.3,0.7306527102356619
293.40000000000003,6.26887472915972
293.5,-2.030585783553218
293.6,0.9192847362297445
293.7,4.37984095270958
293.8,4.398334555438662
293.90000000000003,-2.5306125224157667
294.0,9.04468061544084
294.1,-3.6079132621110674
294.2,-0.759837187497834
294.3,3.814327506424164
294.40000000000003,0.34055883883985416
294.5,-0.09971712894360274
294.6,2.330443516301154
294.7,2.5415237751405932
294.8,-0.6762502563816177
294.90000000000003,6.015260176579744
295.0,2.2004791292195236
295.1,1.6009601609799873
295.2,3.793505231431073
295.3,-2.3435877805270504
295.40000000000003,-8.50432658701167
295.5,3.3411807846373396
295.6,-4.908101947133654
295.7,-2.5160284225902485
295.8,2.7018811112438548
295.90000000000003,-6.922604654862907
296.0,-11.825767911327986
296.1,6.368202745884378
296.2,-3.958694872310137
296.3,-4.453155271268329
296.40000000000003,-2.846114629428336
296.5,-6.268816103899917
296.6,-6.741918422424085
296.7,-3.4110543417558397
296.8,-4.680544914555075
296.90000000000003,-7.148404453710551
297.0,-3.2795157408504982
297.1,-6.953414865948779
297.2,-6.16561651338888
297.3,0.7971231700570414
297.40000000000003,-13.28266125072313
297.5,-11.759917968610505
297.6,-3.5133562745601603
297.7,-13.70147398779924
297.8,-7.509317212503788
297.90000000000003,-5.419917597754038
298.0,-6.477808196772996
298.1,-8.01557149349587
298.2,-3.099152081146525
298.3,-8.357164903053802
298.40000000000003,-16.024197711189906
298.5,-7.152603525403153
298.6,-11.858921997873786
298.7,-12.245638733878408
298.8,-4.060960886558732
298.90000000000003,-9.985908280322757
299.0,-8.08010072348192
299.1,-4.215237327662979
299.2,-7.0652412972258105
299.3,-11.372231521861256
299.40000000000003,2.609825619238906
299.5,-7.37438991724006
299.6,-11.214648623505795
299.7,0.827868439937145
299.8,-5.458326208624836
299.90000000000003,-1.1403542428414286
